class_id	class_name	split	recording_key	segment_file	segment_index
0	Cargo	Train	20171215a-107/112126	07143.wav	25
0	Cargo	Train	20171126c-52/063408	03511.wav	67
0	Cargo	Train	20171203-65/191824	04382.wav	23
0	Cargo	Train	20171202a-61/054923	04140.wav	8
0	Cargo	Train	20171207-79/010450	05254.wav	13
0	Cargo	Train	20171127-53/231436	03557.wav	36
0	Cargo	Train	20171209b-86/054935	05781.wav	18
0	Cargo	Train	20171125e-48/234924	03190.wav	69
0	Cargo	Train	20171110-7/7	00519.wav	6
0	Cargo	Train	20171201-59/080357	04017.wav	27
0	Cargo	Train	20171210-88/004442	05944.wav	44
0	Cargo	Train	20171104-1/1	00001.wav	32
0	Cargo	Train	20171205h-74/140834	04936.wav	33
0	Cargo	Train	20171210a-89/020139	06039.wav	71
0	Cargo	Train	20171202b-62/62	04213.wav	11
0	Cargo	Train	20171105a-3/3	00183.wav	39
0	Cargo	Train	20171207b-81/032120	05405.wav	108
0	Cargo	Train	20171115a-18/18	01147.wav	72
0	Cargo	Train	20171212c-93/101404	06261.wav	41
0	Cargo	Train	20171118-27/27	01580.wav	37
0	Cargo	Train	20171119b-29/151043	01714.wav	40
0	Cargo	Train	20171124c-42/134001	02735.wav	40
0	Cargo	Train	20171214f-105/215513	06960.wav	58
0	Cargo	Train	20171114a-14/14	00929.wav	36
0	Cargo	Train	20171213f-99/99	06618.wav	8
0	Cargo	Train	20171130c-58/231720	03940.wav	19
0	Cargo	Train	20171126b-51/044753	03434.wav	51
0	Cargo	Train	20171121-31/031902	01969.wav	59
0	Cargo	Train	20171214d-103/103	06885.wav	4
0	Cargo	Train	20171213e-98/231302	06583.wav	95
0	Cargo	Train	20171214e-104/213748	06941.wav	6
0	Cargo	Train	20171201a-60/111402	04111.wav	40
0	Cargo	Train	20171122d-38/38	02495.wav	20
0	Cargo	Train	20171213-95/042800	06388.wav	16
0	Cargo	Train	20171129c-56/075459	03842.wav	25
0	Cargo	Train	20171121f-34/210343	02265.wav	36
0	Cargo	Train	20171204b-68/201125	04525.wav	23
0	Cargo	Train	20171128a-54/080742	03660.wav	12
0	Cargo	Train	20171209c-87/140111	05852.wav	58
0	Cargo	Train	20171115b-19/19	01194.wav	63
0	Cargo	Train	20171205-69/69	04604.wav	2
0	Cargo	Train	20171104a-2/2	00157.wav	87
0	Cargo	Train	20171122b-36/075414	02349.wav	35
0	Cargo	Train	20171111-8/8	00581.wav	27
0	Cargo	Train	20171212d-94/141302	06307.wav	35
0	Cargo	Train	20171212a-91/003918	06152.wav	34
0	Cargo	Train	20171117a-24/045829	01441.wav	49
0	Cargo	Train	20171117d-26/225044	01540.wav	5
0	Cargo	Train	20171214a-101/075400	06766.wav	44
0	Cargo	Train	20171212b-92/040423	06203.wav	37
0	Cargo	Train	20171124d-43/161634	02877.wav	25
0	Cargo	Train	20171207a-80/013045	05354.wav	13
0	Cargo	Train	20171114b-15/15	00964.wav	33
0	Cargo	Train	20171205i-75/202122	04996.wav	16
0	Cargo	Train	20171111e-9/9	00658.wav	31
0	Cargo	Train	20171208-84/005033	05576.wav	44
0	Cargo	Train	20171215b-108/114505	07180.wav	13
0	Cargo	Train	20171205g-73/124454	04842.wav	61
0	Cargo	Train	20171124a-41/41	02711.wav	4
0	Cargo	Train	20171204-66/024305	04439.wav	19
0	Cargo	Train	20171202c-63/123015	04249.wav	64
0	Cargo	Train	20171213d-97/154210	06458.wav	15
0	Cargo	Train	20171204a-67/051220	04511.wav	33
0	Cargo	Train	20171215-106/014609	07102.wav	52
0	Cargo	Train	20171125b-45/45	02980.wav	67
0	Cargo	Train	20171117b-25/055206	01496.wav	12
0	Cargo	Train	20171125c-46/134833	03059.wav	61
0	Cargo	Train	20171114d-17/17	01060.wav	39
0	Cargo	Train	20171202e-64/141802	04338.wav	56
0	Cargo	Train	20171213g-100/234857	06669.wav	14
0	Cargo	Train	20171207f-83/190947	05570.wav	46
0	Cargo	Train	20171126a-50/035027	03338.wav	20
0	Cargo	Train	20171116-22/002044	01320.wav	51
0	Cargo	Train	20171118a-28/074918	01656.wav	74
0	Cargo	Train	20171206a-77/014907	05191.wav	60
0	Cargo	Train	20171206e-78/78	05210.wav	36
0	Cargo	Train	20171215a-107/112126	07133.wav	10
0	Cargo	Train	20171126c-52/063408	03479.wav	14
0	Cargo	Train	20171203-65/191824	04418.wav	16
0	Cargo	Train	20171202a-61/054923	04130.wav	26
0	Cargo	Train	20171207-79/010450	05265.wav	45
0	Cargo	Train	20171127-53/231436	03564.wav	39
0	Cargo	Train	20171209b-86/054935	05760.wav	2
0	Cargo	Train	20171125e-48/234924	03181.wav	28
0	Cargo	Train	20171110-7/7	00444.wav	19
0	Cargo	Train	20171201-59/080357	04009.wav	49
0	Cargo	Train	20171210-88/004442	05962.wav	83
0	Cargo	Train	20171104-1/1	00077.wav	65
0	Cargo	Train	20171205h-74/140834	04978.wav	74
0	Cargo	Train	20171210a-89/020139	05999.wav	36
0	Cargo	Train	20171202b-62/62	04204.wav	25
0	Cargo	Train	20171105a-3/3	00207.wav	15
0	Cargo	Train	20171207b-81/032120	05418.wav	17
0	Cargo	Train	20171115a-18/18	01162.wav	52
0	Cargo	Train	20171212c-93/101404	06299.wav	32
0	Cargo	Train	20171118-27/27	01601.wav	26
0	Cargo	Train	20171119b-29/151043	01751.wav	55
0	Cargo	Train	20171124c-42/134001	02751.wav	5
0	Cargo	Train	20171214f-105/215513	07011.wav	66
0	Cargo	Train	20171114a-14/14	00939.wav	39
0	Cargo	Train	20171213f-99/99	06631.wav	16
0	Cargo	Train	20171130c-58/231720	03936.wav	35
0	Cargo	Train	20171126b-51/044753	03377.wav	72
0	Cargo	Train	20171121-31/031902	01972.wav	8
0	Cargo	Train	20171214d-103/103	06903.wav	31
0	Cargo	Train	20171213e-98/231302	06562.wav	94
0	Cargo	Train	20171214e-104/213748	06920.wav	16
0	Cargo	Train	20171201a-60/111402	04118.wav	48
0	Cargo	Train	20171122d-38/38	02485.wav	37
0	Cargo	Train	20171213-95/042800	06387.wav	19
0	Cargo	Train	20171129c-56/075459	03807.wav	55
0	Cargo	Train	20171121f-34/210343	02259.wav	45
0	Cargo	Train	20171204b-68/201125	04565.wav	47
0	Cargo	Train	20171128a-54/080742	03639.wav	40
0	Cargo	Train	20171209c-87/140111	05827.wav	19
0	Cargo	Train	20171115b-19/19	01186.wav	49
0	Cargo	Train	20171205-69/69	04611.wav	34
0	Cargo	Train	20171104a-2/2	00092.wav	32
0	Cargo	Train	20171122b-36/075414	02339.wav	12
0	Cargo	Train	20171111-8/8	00565.wav	22
0	Cargo	Train	20171212d-94/141302	06313.wav	42
0	Cargo	Train	20171212a-91/003918	06172.wav	32
0	Cargo	Train	20171117a-24/045829	01419.wav	28
0	Cargo	Train	20171117d-26/225044	01537.wav	33
0	Cargo	Train	20171214a-101/075400	06749.wav	22
0	Cargo	Train	20171212b-92/040423	06228.wav	66
0	Cargo	Train	20171124d-43/161634	02880.wav	17
0	Cargo	Train	20171207a-80/013045	05374.wav	38
0	Cargo	Train	20171114b-15/15	00978.wav	3
0	Cargo	Train	20171205i-75/202122	04987.wav	23
0	Cargo	Train	20171111e-9/9	00626.wav	15
0	Cargo	Train	20171208-84/005033	05616.wav	66
0	Cargo	Train	20171215b-108/114505	07237.wav	61
0	Cargo	Train	20171205g-73/124454	04894.wav	5
0	Cargo	Train	20171124a-41/41	02720.wav	23
0	Cargo	Train	20171204-66/024305	04464.wav	18
0	Cargo	Train	20171202c-63/123015	04243.wav	63
0	Cargo	Train	20171213d-97/154210	06454.wav	13
0	Cargo	Train	20171204a-67/051220	04514.wav	23
0	Cargo	Train	20171215-106/014609	07090.wav	20
0	Cargo	Train	20171125b-45/45	02924.wav	66
0	Cargo	Train	20171117b-25/055206	01455.wav	26
0	Cargo	Train	20171125c-46/134833	03027.wav	92
0	Cargo	Train	20171114d-17/17	01045.wav	11
0	Cargo	Train	20171202e-64/141802	04348.wav	98
0	Cargo	Train	20171213g-100/234857	06651.wav	29
0	Cargo	Train	20171207f-83/190947	05574.wav	14
0	Cargo	Train	20171126a-50/035027	03307.wav	17
0	Cargo	Train	20171116-22/002044	01373.wav	47
0	Cargo	Train	20171118a-28/074918	01618.wav	82
0	Cargo	Train	20171206a-77/014907	05128.wav	22
0	Cargo	Train	20171206e-78/78	05201.wav	37
0	Cargo	Train	20171215a-107/112126	07134.wav	24
0	Cargo	Train	20171126c-52/063408	03505.wav	7
0	Cargo	Train	20171203-65/191824	04373.wav	14
0	Cargo	Train	20171202a-61/054923	04171.wav	51
0	Cargo	Train	20171207-79/010450	05252.wav	27
0	Cargo	Train	20171127-53/231436	03539.wav	51
0	Cargo	Train	20171209b-86/054935	05757.wav	37
0	Cargo	Train	20171125e-48/234924	03180.wav	83
0	Cargo	Train	20171110-7/7	00461.wav	76
0	Cargo	Train	20171201-59/080357	04008.wav	17
0	Cargo	Train	20171210-88/004442	05983.wav	73
0	Cargo	Train	20171104-1/1	00085.wav	13
0	Cargo	Train	20171205h-74/140834	04939.wav	35
0	Cargo	Train	20171210a-89/020139	06014.wav	25
0	Cargo	Train	20171202b-62/62	04200.wav	31
0	Cargo	Train	20171105a-3/3	00181.wav	49
0	Cargo	Train	20171207b-81/032120	05459.wav	96
0	Cargo	Train	20171115a-18/18	01105.wav	28
0	Cargo	Train	20171212c-93/101404	06296.wav	9
0	Cargo	Train	20171118-27/27	01572.wav	28
0	Cargo	Train	20171119b-29/151043	01746.wav	13
0	Cargo	Train	20171124c-42/134001	02789.wav	65
0	Cargo	Train	20171214f-105/215513	07003.wav	18
0	Cargo	Train	20171114a-14/14	00941.wav	46
0	Cargo	Train	20171213f-99/99	06621.wav	2
0	Cargo	Train	20171130c-58/231720	03939.wav	47
0	Cargo	Train	20171126b-51/044753	03418.wav	28
0	Cargo	Train	20171121-31/031902	01836.wav	2
0	Cargo	Train	20171214d-103/103	06878.wav	9
0	Cargo	Train	20171213e-98/231302	06556.wav	91
0	Cargo	Train	20171214e-104/213748	06943.wav	27
0	Cargo	Train	20171201a-60/111402	04100.wav	53
0	Cargo	Train	20171122d-38/38	02494.wav	21
0	Cargo	Train	20171213-95/042800	06396.wav	28
0	Cargo	Train	20171129c-56/075459	03814.wav	63
0	Cargo	Train	20171121f-34/210343	02258.wav	39
0	Cargo	Train	20171204b-68/201125	04587.wav	68
0	Cargo	Train	20171128a-54/080742	03611.wav	28
0	Cargo	Train	20171209c-87/140111	05866.wav	7
0	Cargo	Train	20171115b-19/19	01184.wav	38
0	Cargo	Train	20171205-69/69	04595.wav	15
0	Cargo	Train	20171104a-2/2	00144.wav	13
0	Cargo	Train	20171122b-36/075414	02343.wav	50
0	Cargo	Train	20171111-8/8	00576.wav	49
0	Cargo	Train	20171212d-94/141302	06346.wav	32
0	Cargo	Train	20171212a-91/003918	06164.wav	14
0	Cargo	Train	20171117a-24/045829	01430.wav	29
0	Cargo	Train	20171117d-26/225044	01565.wav	2
0	Cargo	Train	20171214a-101/075400	06779.wav	11
0	Cargo	Train	20171212b-92/040423	06193.wav	60
0	Cargo	Train	20171124d-43/161634	02832.wav	32
0	Cargo	Train	20171207a-80/013045	05369.wav	75
0	Cargo	Train	20171114b-15/15	00974.wav	16
0	Cargo	Train	20171205i-75/202122	04988.wav	28
0	Cargo	Train	20171111e-9/9	00624.wav	45
0	Cargo	Train	20171208-84/005033	05630.wav	57
0	Cargo	Train	20171215b-108/114505	07209.wav	41
0	Cargo	Train	20171205g-73/124454	04819.wav	10
0	Cargo	Train	20171124a-41/41	02725.wav	12
0	Cargo	Train	20171204-66/024305	04472.wav	5
0	Cargo	Train	20171202c-63/123015	04230.wav	59
0	Cargo	Train	20171213d-97/154210	06477.wav	30
0	Cargo	Train	20171204a-67/051220	04495.wav	19
0	Cargo	Train	20171215-106/014609	07064.wav	54
0	Cargo	Train	20171125b-45/45	02992.wav	71
0	Cargo	Train	20171117b-25/055206	01494.wav	23
0	Cargo	Train	20171125c-46/134833	03037.wav	89
0	Cargo	Train	20171114d-17/17	01059.wav	2
0	Cargo	Train	20171202e-64/141802	04304.wav	12
0	Cargo	Train	20171213g-100/234857	06676.wav	53
0	Cargo	Train	20171207f-83/190947	05532.wav	18
0	Cargo	Train	20171126a-50/035027	03321.wav	6
0	Cargo	Train	20171116-22/002044	01321.wav	70
0	Cargo	Train	20171118a-28/074918	01697.wav	54
0	Cargo	Train	20171206a-77/014907	05167.wav	48
0	Cargo	Train	20171206e-78/78	05221.wav	22
0	Cargo	Train	20171215a-107/112126	07131.wav	47
0	Cargo	Train	20171126c-52/063408	03513.wav	16
0	Cargo	Train	20171203-65/191824	04388.wav	21
0	Cargo	Train	20171202a-61/054923	04169.wav	5
0	Cargo	Train	20171207-79/010450	05243.wav	15
0	Cargo	Train	20171127-53/231436	03544.wav	45
0	Cargo	Train	20171209b-86/054935	05761.wav	35
0	Cargo	Train	20171125e-48/234924	03243.wav	6
0	Cargo	Train	20171110-7/7	00474.wav	4
0	Cargo	Train	20171201-59/080357	04035.wav	59
0	Cargo	Train	20171210-88/004442	05971.wav	11
0	Cargo	Train	20171104-1/1	00014.wav	54
0	Cargo	Train	20171205h-74/140834	04970.wav	70
0	Cargo	Train	20171210a-89/020139	06033.wav	3
0	Cargo	Train	20171202b-62/62	04218.wav	24
0	Cargo	Train	20171105a-3/3	00203.wav	23
0	Cargo	Train	20171207b-81/032120	05466.wav	72
0	Cargo	Train	20171115a-18/18	01160.wav	62
0	Cargo	Train	20171212c-93/101404	06300.wav	31
0	Cargo	Train	20171118-27/27	01569.wav	38
0	Cargo	Train	20171119b-29/151043	01763.wav	18
0	Cargo	Train	20171124c-42/134001	02758.wav	45
0	Cargo	Train	20171214f-105/215513	07040.wav	33
0	Cargo	Train	20171114a-14/14	00930.wav	48
0	Cargo	Train	20171213f-99/99	06650.wav	12
0	Cargo	Train	20171130c-58/231720	03917.wav	78
0	Cargo	Train	20171126b-51/044753	03397.wav	63
0	Cargo	Train	20171121-31/031902	01865.wav	30
0	Cargo	Train	20171214d-103/103	06904.wav	15
0	Cargo	Train	20171213e-98/231302	06600.wav	100
0	Cargo	Train	20171214e-104/213748	06930.wav	39
0	Cargo	Train	20171201a-60/111402	04117.wav	52
0	Cargo	Train	20171122d-38/38	02512.wav	23
0	Cargo	Train	20171213-95/042800	06398.wav	29
0	Cargo	Train	20171129c-56/075459	03797.wav	49
0	Cargo	Train	20171121f-34/210343	02256.wav	46
0	Cargo	Train	20171204b-68/201125	04586.wav	55
0	Cargo	Train	20171128a-54/080742	03631.wav	71
0	Cargo	Train	20171209c-87/140111	05811.wav	69
0	Cargo	Train	20171115b-19/19	01188.wav	53
0	Cargo	Train	20171205-69/69	04624.wav	7
0	Cargo	Train	20171104a-2/2	00168.wav	35
0	Cargo	Train	20171122b-36/075414	02380.wav	40
0	Cargo	Train	20171111-8/8	00551.wav	46
0	Cargo	Train	20171212d-94/141302	06351.wav	56
0	Cargo	Train	20171212a-91/003918	06171.wav	35
0	Cargo	Train	20171117a-24/045829	01400.wav	48
0	Cargo	Train	20171117d-26/225044	01542.wav	44
0	Cargo	Train	20171214a-101/075400	06771.wav	19
0	Cargo	Train	20171212b-92/040423	06191.wav	41
0	Cargo	Train	20171124d-43/161634	02868.wav	46
0	Cargo	Train	20171207a-80/013045	05332.wav	15
0	Cargo	Train	20171114b-15/15	00972.wav	13
0	Cargo	Train	20171205i-75/202122	05006.wav	32
0	Cargo	Train	20171111e-9/9	00650.wav	4
0	Cargo	Train	20171208-84/005033	05587.wav	50
0	Cargo	Train	20171215b-108/114505	07184.wav	31
0	Cargo	Train	20171205g-73/124454	04887.wav	65
0	Cargo	Train	20171124a-41/41	02722.wav	22
0	Cargo	Train	20171204-66/024305	04446.wav	14
0	Cargo	Train	20171202c-63/123015	04231.wav	53
0	Cargo	Train	20171213d-97/154210	06479.wav	48
0	Cargo	Train	20171204a-67/051220	04496.wav	21
0	Cargo	Train	20171215-106/014609	07075.wav	18
0	Cargo	Train	20171125b-45/45	02967.wav	3
0	Cargo	Train	20171117b-25/055206	01478.wav	47
0	Cargo	Train	20171125c-46/134833	02993.wav	88
0	Cargo	Train	20171114d-17/17	01064.wav	41
0	Cargo	Train	20171202e-64/141802	04250.wav	57
0	Cargo	Train	20171213g-100/234857	06688.wav	52
0	Cargo	Train	20171207f-83/190947	05539.wav	34
0	Cargo	Train	20171126a-50/035027	03305.wav	30
0	Cargo	Train	20171116-22/002044	01350.wav	4
0	Cargo	Train	20171118a-28/074918	01651.wav	44
0	Cargo	Train	20171206a-77/014907	05153.wav	25
0	Cargo	Train	20171206e-78/78	05204.wav	3
0	Cargo	Train	20171215a-107/112126	07127.wav	21
0	Cargo	Train	20171126c-52/063408	03480.wav	48
0	Cargo	Train	20171203-65/191824	04367.wav	58
0	Cargo	Train	20171202a-61/054923	04125.wav	9
0	Cargo	Train	20171207-79/010450	05283.wav	20
0	Cargo	Train	20171127-53/231436	03538.wav	38
0	Cargo	Train	20171209b-86/054935	05795.wav	13
0	Cargo	Train	20171125e-48/234924	03152.wav	30
0	Cargo	Train	20171110-7/7	00503.wav	102
0	Cargo	Train	20171201-59/080357	04016.wav	14
0	Cargo	Train	20171210-88/004442	05921.wav	26
0	Cargo	Train	20171104-1/1	00022.wav	62
0	Cargo	Train	20171205h-74/140834	04964.wav	73
0	Cargo	Train	20171210a-89/020139	06011.wav	39
0	Cargo	Train	20171202b-62/62	04215.wav	16
0	Cargo	Train	20171105a-3/3	00188.wav	32
0	Cargo	Train	20171207b-81/032120	05430.wav	11
0	Cargo	Train	20171115a-18/18	01154.wav	60
0	Cargo	Train	20171212c-93/101404	06260.wav	26
0	Cargo	Train	20171118-27/27	01578.wav	5
0	Cargo	Train	20171119b-29/151043	01743.wav	34
0	Cargo	Train	20171124c-42/134001	02772.wav	71
0	Cargo	Train	20171214f-105/215513	07017.wav	83
0	Cargo	Train	20171114a-14/14	00936.wav	34
0	Cargo	Train	20171213f-99/99	06645.wav	18
0	Cargo	Train	20171130c-58/231720	04000.wav	2
0	Cargo	Train	20171126b-51/044753	03394.wav	89
0	Cargo	Train	20171121-31/031902	01874.wav	4
0	Cargo	Train	20171214d-103/103	06883.wav	25
0	Cargo	Train	20171213e-98/231302	06545.wav	30
0	Cargo	Train	20171214e-104/213748	06944.wav	12
0	Cargo	Train	20171201a-60/111402	04096.wav	45
0	Cargo	Train	20171122d-38/38	02479.wav	35
0	Cargo	Train	20171213-95/042800	06390.wav	18
0	Cargo	Train	20171129c-56/075459	03738.wav	26
0	Cargo	Train	20171121f-34/210343	02260.wav	42
0	Cargo	Train	20171204b-68/201125	04529.wav	71
0	Cargo	Train	20171128a-54/080742	03586.wav	60
0	Cargo	Train	20171209c-87/140111	05862.wav	33
0	Cargo	Train	20171115b-19/19	01202.wav	50
0	Cargo	Train	20171205-69/69	04616.wav	18
0	Cargo	Train	20171104a-2/2	00154.wav	86
0	Cargo	Train	20171122b-36/075414	02379.wav	14
0	Cargo	Train	20171111-8/8	00567.wav	5
0	Cargo	Train	20171212d-94/141302	06332.wav	45
0	Cargo	Train	20171212a-91/003918	06159.wav	41
0	Cargo	Train	20171117a-24/045829	01410.wav	2
0	Cargo	Train	20171117d-26/225044	01549.wav	20
0	Cargo	Train	20171214a-101/075400	06741.wav	17
0	Cargo	Train	20171212b-92/040423	06221.wav	25
0	Cargo	Train	20171124d-43/161634	02816.wav	24
0	Cargo	Train	20171207a-80/013045	05365.wav	62
0	Cargo	Train	20171114b-15/15	00947.wav	25
0	Cargo	Train	20171205i-75/202122	05007.wav	5
0	Cargo	Train	20171111e-9/9	00612.wav	49
0	Cargo	Train	20171208-84/005033	05631.wav	7
0	Cargo	Train	20171215b-108/114505	07235.wav	32
0	Cargo	Train	20171205g-73/124454	04900.wav	63
0	Cargo	Train	20171124a-41/41	02695.wav	10
0	Cargo	Train	20171204-66/024305	04470.wav	31
0	Cargo	Train	20171202c-63/123015	04247.wav	60
0	Cargo	Train	20171213d-97/154210	06469.wav	9
0	Cargo	Train	20171204a-67/051220	04486.wav	13
0	Cargo	Train	20171215-106/014609	07074.wav	60
0	Cargo	Train	20171125b-45/45	02929.wav	68
0	Cargo	Train	20171117b-25/055206	01456.wav	55
0	Cargo	Train	20171125c-46/134833	03079.wav	12
0	Cargo	Train	20171114d-17/17	01044.wav	23
0	Cargo	Train	20171202e-64/141802	04355.wav	47
0	Cargo	Train	20171213g-100/234857	06682.wav	37
0	Cargo	Train	20171207f-83/190947	05563.wav	39
0	Cargo	Train	20171126a-50/035027	03334.wav	23
0	Cargo	Train	20171116-22/002044	01354.wav	44
0	Cargo	Train	20171118a-28/074918	01673.wav	87
0	Cargo	Train	20171206a-77/014907	05178.wav	13
0	Cargo	Train	20171206e-78/78	05232.wav	35
0	Cargo	Train	20171215a-107/112126	07125.wav	8
0	Cargo	Train	20171126c-52/063408	03460.wav	46
0	Cargo	Train	20171203-65/191824	04404.wav	3
0	Cargo	Train	20171202a-61/054923	04162.wav	6
0	Cargo	Train	20171207-79/010450	05270.wav	18
0	Cargo	Train	20171127-53/231436	03575.wav	65
0	Cargo	Train	20171209b-86/054935	05779.wav	31
0	Cargo	Train	20171125e-48/234924	03171.wav	44
0	Cargo	Train	20171110-7/7	00487.wav	14
0	Cargo	Train	20171201-59/080357	04014.wav	35
0	Cargo	Train	20171210-88/004442	05957.wav	104
0	Cargo	Train	20171104-1/1	00059.wav	31
0	Cargo	Train	20171205h-74/140834	04956.wav	65
0	Cargo	Train	20171210a-89/020139	06015.wav	73
0	Cargo	Train	20171202b-62/62	04195.wav	27
0	Cargo	Train	20171105a-3/3	00216.wav	2
0	Cargo	Train	20171207b-81/032120	05461.wav	27
0	Cargo	Train	20171115a-18/18	01113.wav	7
0	Cargo	Train	20171212c-93/101404	06265.wav	13
0	Cargo	Train	20171118-27/27	01587.wav	20
0	Cargo	Train	20171119b-29/151043	01759.wav	8
0	Cargo	Train	20171124c-42/134001	02809.wav	74
0	Cargo	Train	20171214f-105/215513	07018.wav	21
0	Cargo	Train	20171114a-14/14	00934.wav	38
0	Cargo	Train	20171213f-99/99	06626.wav	9
0	Cargo	Train	20171130c-58/231720	03923.wav	77
0	Cargo	Train	20171126b-51/044753	03428.wav	60
0	Cargo	Train	20171121-31/031902	01923.wav	70
0	Cargo	Train	20171214d-103/103	06880.wav	35
0	Cargo	Train	20171213e-98/231302	06574.wav	68
0	Cargo	Train	20171214e-104/213748	06923.wav	49
0	Cargo	Train	20171201a-60/111402	04098.wav	3
0	Cargo	Train	20171122d-38/38	02491.wav	26
0	Cargo	Train	20171213-95/042800	06402.wav	32
0	Cargo	Train	20171129c-56/075459	03771.wav	18
0	Cargo	Train	20171121f-34/210343	02271.wav	43
0	Cargo	Train	20171204b-68/201125	04577.wav	19
0	Cargo	Train	20171128a-54/080742	03657.wav	59
0	Cargo	Train	20171209c-87/140111	05814.wav	49
0	Cargo	Train	20171115b-19/19	01214.wav	15
0	Cargo	Train	20171205-69/69	04612.wav	10
0	Cargo	Train	20171104a-2/2	00149.wav	78
0	Cargo	Train	20171122b-36/075414	02362.wav	48
0	Cargo	Train	20171111-8/8	00569.wav	39
0	Cargo	Train	20171212d-94/141302	06382.wav	18
0	Cargo	Train	20171212a-91/003918	06169.wav	37
0	Cargo	Train	20171117a-24/045829	01413.wav	46
0	Cargo	Train	20171117d-26/225044	01530.wav	42
0	Cargo	Train	20171214a-101/075400	06768.wav	60
0	Cargo	Train	20171212b-92/040423	06199.wav	53
0	Cargo	Train	20171124d-43/161634	02821.wav	54
0	Cargo	Train	20171207a-80/013045	05370.wav	29
0	Cargo	Train	20171114b-15/15	00955.wav	4
0	Cargo	Train	20171205i-75/202122	05022.wav	34
0	Cargo	Train	20171111e-9/9	00646.wav	26
0	Cargo	Train	20171208-84/005033	05626.wav	51
0	Cargo	Train	20171215b-108/114505	07181.wav	28
0	Cargo	Train	20171205g-73/124454	04886.wav	4
0	Cargo	Train	20171124a-41/41	02715.wav	20
0	Cargo	Train	20171204-66/024305	04435.wav	8
0	Cargo	Train	20171202c-63/123015	04232.wav	52
0	Cargo	Train	20171213d-97/154210	06489.wav	23
0	Cargo	Train	20171204a-67/051220	04492.wav	15
0	Cargo	Train	20171215-106/014609	07118.wav	58
0	Cargo	Train	20171125b-45/45	02981.wav	43
0	Cargo	Train	20171117b-25/055206	01472.wav	63
0	Cargo	Train	20171125c-46/134833	03051.wav	54
0	Cargo	Train	20171114d-17/17	01063.wav	43
0	Cargo	Train	20171202e-64/141802	04295.wav	18
0	Cargo	Train	20171213g-100/234857	06709.wav	57
0	Cargo	Train	20171207f-83/190947	05545.wav	6
0	Cargo	Train	20171126a-50/035027	03340.wav	10
0	Cargo	Train	20171116-22/002044	01369.wav	21
0	Cargo	Train	20171118a-28/074918	01628.wav	53
0	Cargo	Train	20171206a-77/014907	05149.wav	2
0	Cargo	Train	20171206e-78/78	05224.wav	28
0	Cargo	Train	20171215a-107/112126	07120.wav	20
0	Cargo	Train	20171126c-52/063408	03493.wav	41
0	Cargo	Train	20171203-65/191824	04383.wav	33
0	Cargo	Train	20171202a-61/054923	04173.wav	44
0	Cargo	Train	20171207-79/010450	05245.wav	26
0	Cargo	Train	20171127-53/231436	03524.wav	21
0	Cargo	Train	20171209b-86/054935	05794.wav	30
0	Cargo	Train	20171125e-48/234924	03197.wav	91
0	Cargo	Train	20171110-7/7	00538.wav	3
0	Cargo	Train	20171201-59/080357	04002.wav	10
0	Cargo	Train	20171210-88/004442	05914.wav	22
0	Cargo	Train	20171104-1/1	00034.wav	28
0	Cargo	Train	20171205h-74/140834	04923.wav	19
0	Cargo	Train	20171210a-89/020139	06026.wav	66
0	Cargo	Train	20171202b-62/62	04196.wav	22
0	Cargo	Train	20171105a-3/3	00228.wav	10
0	Cargo	Train	20171207b-81/032120	05414.wav	48
0	Cargo	Train	20171115a-18/18	01138.wav	53
0	Cargo	Train	20171212c-93/101404	06274.wav	28
0	Cargo	Train	20171118-27/27	01579.wav	6
0	Cargo	Train	20171119b-29/151043	01736.wav	47
0	Cargo	Train	20171124c-42/134001	02766.wav	54
0	Cargo	Train	20171214f-105/215513	07027.wav	15
0	Cargo	Train	20171114a-14/14	00943.wav	45
0	Cargo	Train	20171213f-99/99	06622.wav	10
0	Cargo	Train	20171130c-58/231720	03921.wav	32
0	Cargo	Train	20171126b-51/044753	03390.wav	86
0	Cargo	Train	20171121-31/031902	01863.wav	71
0	Cargo	Train	20171214d-103/103	06876.wav	39
0	Cargo	Train	20171213e-98/231302	06543.wav	51
0	Cargo	Train	20171214e-104/213748	06928.wav	13
0	Cargo	Train	20171201a-60/111402	04112.wav	25
0	Cargo	Train	20171122d-38/38	02502.wav	18
0	Cargo	Train	20171213-95/042800	06401.wav	34
0	Cargo	Train	20171129c-56/075459	03806.wav	11
0	Cargo	Train	20171121f-34/210343	02262.wav	44
0	Cargo	Train	20171204b-68/201125	04557.wav	6
0	Cargo	Train	20171128a-54/080742	03629.wav	5
0	Cargo	Train	20171209c-87/140111	05870.wav	29
0	Cargo	Train	20171115b-19/19	01208.wav	40
0	Cargo	Train	20171205-69/69	04597.wav	29
0	Cargo	Train	20171104a-2/2	00107.wav	5
0	Cargo	Train	20171122b-36/075414	02368.wav	34
0	Cargo	Train	20171111-8/8	00591.wav	42
0	Cargo	Train	20171212d-94/141302	06381.wav	24
0	Cargo	Train	20171212a-91/003918	06160.wav	49
0	Cargo	Train	20171117a-24/045829	01423.wav	59
0	Cargo	Train	20171117d-26/225044	01566.wav	12
0	Cargo	Train	20171214a-101/075400	06737.wav	31
0	Cargo	Train	20171212b-92/040423	06255.wav	21
0	Cargo	Train	20171124d-43/161634	02839.wav	42
0	Cargo	Train	20171207a-80/013045	05302.wav	65
0	Cargo	Train	20171114b-15/15	00953.wav	29
0	Cargo	Train	20171205i-75/202122	04991.wav	17
0	Cargo	Train	20171111e-9/9	00662.wav	10
0	Cargo	Train	20171208-84/005033	05618.wav	36
0	Cargo	Train	20171215b-108/114505	07198.wav	9
0	Cargo	Train	20171205g-73/124454	04827.wav	74
0	Cargo	Train	20171124a-41/41	02696.wav	31
0	Cargo	Train	20171204-66/024305	04455.wav	35
0	Cargo	Train	20171202c-63/123015	04236.wav	50
0	Cargo	Train	20171213d-97/154210	06476.wav	6
0	Cargo	Train	20171204a-67/051220	04503.wav	32
0	Cargo	Train	20171215-106/014609	07088.wav	3
0	Cargo	Train	20171125b-45/45	02950.wav	63
0	Cargo	Train	20171117b-25/055206	01521.wav	30
0	Cargo	Train	20171125c-46/134833	03010.wav	23
0	Cargo	Train	20171114d-17/17	01062.wav	7
0	Cargo	Train	20171202e-64/141802	04343.wav	22
0	Cargo	Train	20171213g-100/234857	06685.wav	58
0	Cargo	Train	20171207f-83/190947	05567.wav	43
0	Cargo	Train	20171126a-50/035027	03343.wav	9
0	Cargo	Train	20171116-22/002044	01386.wav	46
0	Cargo	Train	20171118a-28/074918	01674.wav	13
0	Cargo	Train	20171206a-77/014907	05182.wav	31
0	Cargo	Train	20171206e-78/78	05211.wav	38
0	Cargo	Train	20171215a-107/112126	07148.wav	16
0	Cargo	Train	20171126c-52/063408	03487.wav	66
0	Cargo	Train	20171203-65/191824	04366.wav	59
0	Cargo	Train	20171202a-61/054923	04142.wav	32
0	Cargo	Train	20171207-79/010450	05278.wav	33
0	Cargo	Train	20171127-53/231436	03521.wav	42
0	Cargo	Train	20171209b-86/054935	05786.wav	39
0	Cargo	Train	20171125e-48/234924	03246.wav	49
0	Cargo	Train	20171110-7/7	00455.wav	23
0	Cargo	Train	20171201-59/080357	04039.wav	45
0	Cargo	Train	20171210-88/004442	05973.wav	87
0	Cargo	Train	20171104-1/1	00076.wav	23
0	Cargo	Train	20171205h-74/140834	04980.wav	25
0	Cargo	Train	20171210a-89/020139	06010.wav	15
0	Cargo	Train	20171202b-62/62	04226.wav	13
0	Cargo	Train	20171105a-3/3	00232.wav	36
0	Cargo	Train	20171207b-81/032120	05419.wav	44
0	Cargo	Train	20171115a-18/18	01101.wav	50
0	Cargo	Train	20171212c-93/101404	06283.wav	2
0	Cargo	Train	20171118-27/27	01568.wav	15
0	Cargo	Train	20171119b-29/151043	01730.wav	45
0	Cargo	Train	20171124c-42/134001	02754.wav	66
0	Cargo	Train	20171214f-105/215513	06989.wav	29
0	Cargo	Train	20171114a-14/14	00942.wav	47
0	Cargo	Train	20171213f-99/99	06646.wav	24
0	Cargo	Train	20171130c-58/231720	03996.wav	54
0	Cargo	Train	20171126b-51/044753	03417.wav	54
0	Cargo	Train	20171121-31/031902	02013.wav	34
0	Cargo	Train	20171214d-103/103	06907.wav	22
0	Cargo	Train	20171213e-98/231302	06549.wav	60
0	Cargo	Train	20171214e-104/213748	06959.wav	42
0	Cargo	Train	20171201a-60/111402	04109.wav	10
0	Cargo	Train	20171122d-38/38	02517.wav	33
0	Cargo	Train	20171213-95/042800	06404.wav	35
0	Cargo	Train	20171129c-56/075459	03831.wav	71
0	Cargo	Train	20171121f-34/210343	02267.wav	37
0	Cargo	Train	20171204b-68/201125	04543.wav	51
0	Cargo	Train	20171128a-54/080742	03607.wav	21
0	Cargo	Train	20171209c-87/140111	05844.wav	65
0	Cargo	Train	20171115b-19/19	01227.wav	44
0	Cargo	Train	20171205-69/69	04591.wav	14
0	Cargo	Train	20171104a-2/2	00139.wav	20
0	Cargo	Train	20171122b-36/075414	02363.wav	20
0	Cargo	Train	20171111-8/8	00592.wav	24
0	Cargo	Train	20171212d-94/141302	06305.wav	25
0	Cargo	Train	20171212a-91/003918	06143.wav	4
0	Cargo	Train	20171117a-24/045829	01428.wav	58
0	Cargo	Train	20171117d-26/225044	01539.wav	24
0	Cargo	Train	20171214a-101/075400	06759.wav	53
0	Cargo	Train	20171212b-92/040423	06202.wav	47
0	Cargo	Train	20171124d-43/161634	02833.wav	11
0	Cargo	Train	20171207a-80/013045	05327.wav	4
0	Cargo	Train	20171114b-15/15	00948.wav	14
0	Cargo	Train	20171205i-75/202122	05024.wav	10
0	Cargo	Train	20171111e-9/9	00605.wav	41
0	Cargo	Train	20171208-84/005033	05577.wav	34
0	Cargo	Train	20171215b-108/114505	07232.wav	50
0	Cargo	Train	20171205g-73/124454	04840.wav	33
0	Cargo	Train	20171124a-41/41	02719.wav	21
0	Cargo	Train	20171204-66/024305	04443.wav	41
0	Cargo	Train	20171202c-63/123015	04248.wav	48
0	Cargo	Train	20171213d-97/154210	06492.wav	47
0	Cargo	Train	20171204a-67/051220	04480.wav	2
0	Cargo	Train	20171215-106/014609	07057.wav	45
0	Cargo	Train	20171125b-45/45	02937.wav	42
0	Cargo	Train	20171117b-25/055206	01499.wav	38
0	Cargo	Train	20171125c-46/134833	03006.wav	14
0	Cargo	Train	20171114d-17/17	01076.wav	17
0	Cargo	Train	20171202e-64/141802	04325.wav	90
0	Cargo	Train	20171213g-100/234857	06707.wav	4
0	Cargo	Train	20171207f-83/190947	05559.wav	28
0	Cargo	Train	20171126a-50/035027	03326.wav	35
0	Cargo	Train	20171116-22/002044	01384.wav	6
0	Cargo	Train	20171118a-28/074918	01689.wav	60
0	Cargo	Train	20171206a-77/014907	05138.wav	8
0	Cargo	Train	20171206e-78/78	05226.wav	6
0	Cargo	Train	20171215a-107/112126	07123.wav	33
0	Cargo	Train	20171126c-52/063408	03451.wav	2
0	Cargo	Train	20171203-65/191824	04399.wav	66
0	Cargo	Train	20171202a-61/054923	04123.wav	45
0	Cargo	Train	20171207-79/010450	05268.wav	17
0	Cargo	Train	20171127-53/231436	03572.wav	29
0	Cargo	Train	20171209b-86/054935	05784.wav	33
0	Cargo	Train	20171125e-48/234924	03248.wav	67
0	Cargo	Train	20171110-7/7	00531.wav	15
0	Cargo	Train	20171201-59/080357	04045.wav	19
0	Cargo	Train	20171210-88/004442	05925.wav	6
0	Cargo	Train	20171104-1/1	00032.wav	89
0	Cargo	Train	20171205h-74/140834	04927.wav	76
0	Cargo	Train	20171210a-89/020139	05992.wav	54
0	Cargo	Train	20171202b-62/62	04211.wav	37
0	Cargo	Train	20171105a-3/3	00194.wav	53
0	Cargo	Train	20171207b-81/032120	05413.wav	49
0	Cargo	Train	20171115a-18/18	01166.wav	36
0	Cargo	Train	20171212c-93/101404	06275.wav	11
0	Cargo	Train	20171118-27/27	01597.wav	34
0	Cargo	Train	20171119b-29/151043	01742.wav	2
0	Cargo	Train	20171124c-42/134001	02762.wav	11
0	Cargo	Train	20171214f-105/215513	07016.wav	46
0	Cargo	Train	20171114a-14/14	00940.wav	49
0	Cargo	Train	20171213f-99/99	06624.wav	20
0	Cargo	Train	20171130c-58/231720	03952.wav	51
0	Cargo	Train	20171126b-51/044753	03358.wav	78
0	Cargo	Train	20171121-31/031902	01934.wav	21
0	Cargo	Train	20171214d-103/103	06882.wav	32
0	Cargo	Train	20171213e-98/231302	06599.wav	56
0	Cargo	Train	20171214e-104/213748	06918.wav	18
0	Cargo	Train	20171201a-60/111402	04094.wav	23
0	Cargo	Train	20171122d-38/38	02497.wav	10
0	Cargo	Train	20171213-95/042800	06400.wav	25
0	Cargo	Train	20171129c-56/075459	03737.wav	3
0	Cargo	Train	20171121f-34/210343	02261.wav	49
0	Cargo	Train	20171204b-68/201125	04551.wav	37
0	Cargo	Train	20171128a-54/080742	03602.wav	32
0	Cargo	Train	20171209c-87/140111	05846.wav	52
0	Cargo	Train	20171115b-19/19	01203.wav	34
0	Cargo	Train	20171205-69/69	04601.wav	26
0	Cargo	Train	20171104a-2/2	00150.wav	47
0	Cargo	Train	20171122b-36/075414	02352.wav	24
0	Cargo	Train	20171111-8/8	00557.wav	13
0	Cargo	Train	20171212d-94/141302	06327.wav	10
0	Cargo	Train	20171212a-91/003918	06146.wav	8
0	Cargo	Train	20171117a-24/045829	01394.wav	43
0	Cargo	Train	20171117d-26/225044	01543.wav	13
0	Cargo	Train	20171214a-101/075400	06727.wav	26
0	Cargo	Train	20171212b-92/040423	06232.wav	34
0	Cargo	Train	20171124d-43/161634	02867.wav	49
0	Cargo	Train	20171207a-80/013045	05355.wav	10
0	Cargo	Train	20171114b-15/15	00949.wav	37
0	Cargo	Train	20171205i-75/202122	05003.wav	43
0	Cargo	Train	20171111e-9/9	00611.wav	59
0	Cargo	Train	20171208-84/005033	05621.wav	24
0	Cargo	Train	20171215b-108/114505	07220.wav	10
0	Cargo	Train	20171205g-73/124454	04896.wav	14
0	Cargo	Train	20171124a-41/41	02703.wav	18
0	Cargo	Train	20171204-66/024305	04444.wav	29
0	Cargo	Train	20171202c-63/123015	04244.wav	61
0	Cargo	Train	20171213d-97/154210	06484.wav	33
0	Cargo	Train	20171204a-67/051220	04508.wav	28
0	Cargo	Train	20171215-106/014609	07058.wav	47
0	Cargo	Train	20171125b-45/45	02960.wav	38
0	Cargo	Train	20171117b-25/055206	01497.wav	7
0	Cargo	Train	20171125c-46/134833	03053.wav	33
0	Cargo	Train	20171114d-17/17	01046.wav	8
0	Cargo	Train	20171202e-64/141802	04281.wav	69
0	Cargo	Train	20171213g-100/234857	06704.wav	17
0	Cargo	Train	20171207f-83/190947	05534.wav	4
0	Cargo	Train	20171126a-50/035027	03303.wav	28
0	Cargo	Train	20171116-22/002044	01357.wav	40
0	Cargo	Train	20171118a-28/074918	01694.wav	27
0	Cargo	Train	20171206a-77/014907	05140.wav	45
0	Cargo	Train	20171206e-78/78	05238.wav	8
0	Cargo	Train	20171215a-107/112126	07157.wav	30
0	Cargo	Train	20171126c-52/063408	03452.wav	3
0	Cargo	Train	20171203-65/191824	04364.wav	28
0	Cargo	Train	20171202a-61/054923	04153.wav	40
0	Cargo	Train	20171207-79/010450	05261.wav	12
0	Cargo	Train	20171127-53/231436	03554.wav	25
0	Cargo	Train	20171209b-86/054935	05767.wav	29
0	Cargo	Train	20171125e-48/234924	03244.wav	57
0	Cargo	Train	20171110-7/7	00510.wav	69
0	Cargo	Train	20171201-59/080357	04040.wav	6
0	Cargo	Train	20171210-88/004442	05900.wav	39
0	Cargo	Train	20171104-1/1	00080.wav	18
0	Cargo	Train	20171205h-74/140834	04937.wav	12
0	Cargo	Train	20171210a-89/020139	05991.wav	48
0	Cargo	Train	20171202b-62/62	04194.wav	20
0	Cargo	Train	20171105a-3/3	00237.wav	27
0	Cargo	Test	20171205f-72/114551	04811.wav	37
0	Cargo	Test	20171111f-10/10	00669.wav	58
0	Cargo	Test	20171122c-37/113017	02402.wav	91
0	Cargo	Test	20171207d-82/100039	05511.wav	13
0	Cargo	Test	20171123-39/004508	02539.wav	2
0	Cargo	Test	20171215d-110/110	07384.wav	31
0	Cargo	Test	20171213b-96/96	06408.wav	11
0	Cargo	Test	20171112-12/12	00855.wav	47
0	Cargo	Test	20171206-76/004911	05043.wav	77
0	Cargo	Test	20171209-85/001029	05691.wav	101
0	Cargo	Test	20171106-4/4	00278.wav	18
0	Cargo	Test	20171130-57/165031	03851.wav	15
0	Cargo	Test	20171214b-102/091542	06822.wav	25
0	Cargo	Test	20171114c-16/16	00996.wav	58
0	Cargo	Test	20171111g-11/11	00803.wav	27
0	Cargo	Test	20171121e-33/202039	02205.wav	56
0	Cargo	Test	20171215e-111/214529	07427.wav	38
0	Cargo	Test	20171205f-72/114551	04775.wav	20
0	Cargo	Test	20171111f-10/10	00718.wav	23
0	Cargo	Test	20171122c-37/113017	02414.wav	9
0	Cargo	Test	20171207d-82/100039	05502.wav	18
0	Cargo	Test	20171123-39/004508	02525.wav	67
0	Cargo	Test	20171215d-110/110	07408.wav	12
0	Cargo	Test	20171213b-96/96	06410.wav	8
0	Cargo	Test	20171112-12/12	00830.wav	19
0	Cargo	Test	20171206-76/004911	05041.wav	52
0	Cargo	Test	20171209-85/001029	05740.wav	106
0	Cargo	Test	20171106-4/4	00283.wav	41
0	Cargo	Test	20171130-57/165031	03880.wav	41
0	Cargo	Test	20171214b-102/091542	06827.wav	38
0	Cargo	Test	20171114c-16/16	01020.wav	22
0	Cargo	Test	20171111g-11/11	00757.wav	30
0	Cargo	Test	20171121e-33/202039	02197.wav	40
0	Cargo	Test	20171215e-111/214529	07422.wav	36
0	Cargo	Test	20171205f-72/114551	04796.wav	45
0	Cargo	Test	20171111f-10/10	00687.wav	54
0	Cargo	Test	20171122c-37/113017	02472.wav	37
0	Cargo	Test	20171207d-82/100039	05495.wav	42
0	Cargo	Test	20171123-39/004508	02553.wav	45
0	Cargo	Test	20171215d-110/110	07398.wav	18
0	Cargo	Test	20171213b-96/96	06425.wav	17
0	Cargo	Test	20171112-12/12	00847.wav	3
0	Cargo	Test	20171206-76/004911	05048.wav	69
0	Cargo	Test	20171209-85/001029	05731.wav	53
0	Cargo	Test	20171106-4/4	00285.wav	37
0	Cargo	Test	20171130-57/165031	03868.wav	47
0	Cargo	Test	20171214b-102/091542	06821.wav	50
0	Cargo	Test	20171114c-16/16	00991.wav	42
0	Cargo	Test	20171111g-11/11	00739.wav	47
0	Cargo	Test	20171121e-33/202039	02251.wav	10
0	Cargo	Test	20171215e-111/214529	07429.wav	20
0	Cargo	Test	20171205f-72/114551	04813.wav	60
0	Cargo	Test	20171111f-10/10	00703.wav	19
0	Cargo	Test	20171122c-37/113017	02404.wav	82
0	Cargo	Test	20171207d-82/100039	05496.wav	28
0	Cargo	Test	20171123-39/004508	02546.wav	24
0	Cargo	Test	20171215d-110/110	07373.wav	6
0	Cargo	Test	20171213b-96/96	06431.wav	24
0	Cargo	Test	20171112-12/12	00836.wav	48
0	Cargo	Test	20171206-76/004911	05080.wav	48
0	Cargo	Test	20171209-85/001029	05687.wav	45
0	Cargo	Test	20171106-4/4	00292.wav	51
0	Cargo	Test	20171130-57/165031	03898.wav	7
0	Cargo	Test	20171214b-102/091542	06790.wav	14
0	Cargo	Test	20171114c-16/16	01035.wav	11
0	Cargo	Test	20171111g-11/11	00738.wav	69
0	Cargo	Test	20171121e-33/202039	02201.wav	20
0	Cargo	Test	20171215e-111/214529	07419.wav	26
0	Cargo	Test	20171205f-72/114551	04754.wav	53
0	Cargo	Test	20171111f-10/10	00704.wav	56
0	Cargo	Test	20171122c-37/113017	02425.wav	67
0	Cargo	Test	20171207d-82/100039	05518.wav	21
0	Cargo	Test	20171123-39/004508	02577.wav	22
0	Cargo	Test	20171215d-110/110	07391.wav	28
0	Cargo	Test	20171213b-96/96	06416.wav	35
0	Cargo	Test	20171112-12/12	00842.wav	22
0	Cargo	Test	20171206-76/004911	05076.wav	12
0	Cargo	Test	20171209-85/001029	05675.wav	19
0	Cargo	Test	20171106-4/4	00260.wav	20
0	Cargo	Test	20171130-57/165031	03893.wav	43
0	Cargo	Test	20171214b-102/091542	06856.wav	63
0	Cargo	Test	20171114c-16/16	01034.wav	31
0	Cargo	Test	20171111g-11/11	00743.wav	82
0	Cargo	Test	20171121e-33/202039	02241.wav	17
0	Cargo	Test	20171215e-111/214529	07412.wav	13
0	Cargo	Test	20171205f-72/114551	04777.wav	57
0	Cargo	Test	20171111f-10/10	00701.wav	51
0	Cargo	Test	20171122c-37/113017	02416.wav	12
0	Cargo	Test	20171207d-82/100039	05523.wav	6
0	Cargo	Test	20171123-39/004508	02574.wav	27
0	Cargo	Test	20171215d-110/110	07405.wav	9
0	Cargo	Test	20171213b-96/96	06409.wav	39
0	Cargo	Test	20171112-12/12	00828.wav	14
0	Cargo	Test	20171206-76/004911	05046.wav	28
0	Cargo	Test	20171209-85/001029	05712.wav	87
0	Cargo	Test	20171106-4/4	00289.wav	36
0	Cargo	Test	20171130-57/165031	03865.wav	51
0	Cargo	Test	20171214b-102/091542	06858.wav	9
0	Cargo	Test	20171114c-16/16	01014.wav	55
0	Cargo	Test	20171111g-11/11	00769.wav	39
0	Cargo	Test	20171121e-33/202039	02248.wav	58
0	Cargo	Test	20171215e-111/214529	07431.wav	18
0	Cargo	Test	20171205f-72/114551	04814.wav	34
0	Cargo	Test	20171111f-10/10	00720.wav	52
0	Cargo	Test	20171122c-37/113017	02400.wav	77
0	Cargo	Test	20171207d-82/100039	05500.wav	31
0	Cargo	Test	20171123-39/004508	02563.wav	57
0	Cargo	Test	20171215d-110/110	07381.wav	24
0	Cargo	Test	20171213b-96/96	06432.wav	30
0	Cargo	Test	20171112-12/12	00834.wav	41
0	Cargo	Test	20171206-76/004911	05093.wav	89
0	Cargo	Test	20171209-85/001029	05714.wav	85
0	Cargo	Test	20171106-4/4	00263.wav	62
0	Cargo	Test	20171130-57/165031	03856.wav	34
0	Cargo	Test	20171214b-102/091542	06787.wav	2
0	Cargo	Test	20171114c-16/16	00986.wav	43
0	Cargo	Test	20171111g-11/11	00748.wav	28
0	Cargo	Test	20171121e-33/202039	02252.wav	31
0	Cargo	Test	20171215e-111/214529	07414.wav	19
0	Cargo	Test	20171205f-72/114551	04784.wav	24
0	Cargo	Test	20171111f-10/10	00685.wav	41
0	Cargo	Test	20171122c-37/113017	02391.wav	56
0	Cargo	Test	20171207d-82/100039	05522.wav	37
0	Cargo	Test	20171123-39/004508	02529.wav	65
0	Cargo	Test	20171215d-110/110	07396.wav	15
0	Cargo	Test	20171213b-96/96	06424.wav	13
0	Cargo	Test	20171112-12/12	00814.wav	43
0	Cargo	Test	20171206-76/004911	05079.wav	83
0	Cargo	Test	20171209-85/001029	05728.wav	100
0	Cargo	Test	20171106-4/4	00287.wav	8
0	Cargo	Test	20171130-57/165031	03869.wav	57
0	Cargo	Test	20171214b-102/091542	06847.wav	51
0	Cargo	Test	20171114c-16/16	01000.wav	30
0	Cargo	Test	20171111g-11/11	00731.wav	77
0	Cargo	Test	20171121e-33/202039	02245.wav	41
0	Cargo	Test	20171215e-111/214529	07447.wav	7
0	Cargo	Test	20171205f-72/114551	04791.wav	35
0	Cargo	Test	20171111f-10/10	00668.wav	10
0	Cargo	Test	20171122c-37/113017	02421.wav	44
0	Cargo	Test	20171207d-82/100039	05519.wav	19
0	Cargo	Test	20171123-39/004508	02542.wav	41
0	Cargo	Test	20171215d-110/110	07382.wav	37
0	Cargo	Test	20171213b-96/96	06444.wav	19
0	Cargo	Test	20171112-12/12	00826.wav	27
0	Cargo	Test	20171206-76/004911	05031.wav	74
0	Cargo	Test	20171209-85/001029	05658.wav	75
0	Cargo	Test	20171106-4/4	00244.wav	63
0	Cargo	Test	20171130-57/165031	03853.wav	44
0	Cargo	Test	20171214b-102/091542	06800.wav	77
0	Cargo	Test	20171114c-16/16	01024.wav	44
0	Cargo	Val	20171205e-71/111659	04738.wav	48
0	Cargo	Val	20171113-13/13	00871.wav	21
0	Cargo	Val	20171125d-47/214505	03145.wav	23
0	Cargo	Val	20171215c-109/141018	07282.wav	23
0	Cargo	Val	20171205a-70/030344	04650.wav	66
0	Cargo	Val	20171210c-90/124043	06097.wav	17
0	Cargo	Val	20171107-5/5	00316.wav	28
0	Cargo	Val	20171120-30/214753	01772.wav	22
0	Cargo	Val	20171122a-35/060651	02290.wav	11
0	Cargo	Val	20171126-49/023314	03299.wav	18
0	Cargo	Val	20171125-44/44	02919.wav	18
0	Cargo	Val	20171115d-20/20	01276.wav	45
0	Cargo	Val	20171121c-32/111158	02045.wav	92
0	Cargo	Val	20171129-55/000645	03710.wav	7
0	Cargo	Val	20171107b-6/6	00380.wav	22
0	Cargo	Val	20171123c-40/135730	02643.wav	55
0	Cargo	Val	20171205e-71/111659	04715.wav	51
0	Cargo	Val	20171113-13/13	00923.wav	61
0	Cargo	Val	20171125d-47/214505	03138.wav	22
0	Cargo	Val	20171215c-109/141018	07297.wav	30
0	Cargo	Val	20171205a-70/030344	04686.wav	65
0	Cargo	Val	20171210c-90/124043	06077.wav	9
0	Cargo	Val	20171107-5/5	00327.wav	2
0	Cargo	Val	20171120-30/214753	01826.wav	17
0	Cargo	Val	20171122a-35/060651	02279.wav	23
0	Cargo	Val	20171126-49/023314	03257.wav	22
0	Cargo	Val	20171125-44/44	02897.wav	34
0	Cargo	Val	20171115d-20/20	01266.wav	18
0	Cargo	Val	20171121c-32/111158	02051.wav	123
0	Cargo	Val	20171129-55/000645	03719.wav	2
0	Cargo	Val	20171107b-6/6	00353.wav	46
0	Cargo	Val	20171123c-40/135730	02691.wav	95
0	Cargo	Val	20171205e-71/111659	04727.wav	32
0	Cargo	Val	20171113-13/13	00888.wav	27
0	Cargo	Val	20171125d-47/214505	03115.wav	33
0	Cargo	Val	20171215c-109/141018	07267.wav	115
0	Cargo	Val	20171205a-70/030344	04693.wav	42
0	Cargo	Val	20171210c-90/124043	06090.wav	38
0	Cargo	Val	20171107-5/5	00309.wav	3
0	Cargo	Val	20171120-30/214753	01818.wav	7
0	Cargo	Val	20171122a-35/060651	02320.wav	46
0	Cargo	Val	20171126-49/023314	03274.wav	36
0	Cargo	Val	20171125-44/44	02912.wav	7
0	Cargo	Val	20171115d-20/20	01309.wav	57
0	Cargo	Val	20171121c-32/111158	02181.wav	63
0	Cargo	Val	20171129-55/000645	03684.wav	30
0	Cargo	Val	20171107b-6/6	00370.wav	80
0	Cargo	Val	20171123c-40/135730	02602.wav	42
0	Cargo	Val	20171205e-71/111659	04720.wav	26
0	Cargo	Val	20171113-13/13	00870.wav	11
0	Cargo	Val	20171125d-47/214505	03128.wav	4
0	Cargo	Val	20171215c-109/141018	07262.wav	29
0	Cargo	Val	20171205a-70/030344	04641.wav	3
0	Cargo	Val	20171210c-90/124043	06101.wav	47
0	Cargo	Val	20171107-5/5	00332.wav	8
0	Cargo	Val	20171120-30/214753	01811.wav	50
0	Cargo	Val	20171122a-35/060651	02325.wav	30
0	Cargo	Val	20171126-49/023314	03285.wav	26
0	Cargo	Val	20171125-44/44	02914.wav	5
0	Cargo	Val	20171115d-20/20	01308.wav	10
0	Cargo	Val	20171121c-32/111158	02167.wav	69
0	Cargo	Val	20171129-55/000645	03690.wav	43
0	Cargo	Val	20171107b-6/6	00364.wav	34
0	Cargo	Val	20171123c-40/135730	02684.wav	75
0	Cargo	Val	20171205e-71/111659	04728.wav	41
0	Cargo	Val	20171113-13/13	00874.wav	54
0	Cargo	Val	20171125d-47/214505	03135.wav	27
0	Cargo	Val	20171215c-109/141018	07291.wav	11
0	Cargo	Val	20171205a-70/030344	04675.wav	58
0	Cargo	Val	20171210c-90/124043	06118.wav	65
0	Cargo	Val	20171107-5/5	00304.wav	30
0	Cargo	Val	20171120-30/214753	01797.wav	19
0	Cargo	Val	20171122a-35/060651	02307.wav	3
0	Cargo	Val	20171126-49/023314	03288.wav	16
0	Cargo	Val	20171125-44/44	02902.wav	35
0	Cargo	Val	20171115d-20/20	01258.wav	50
0	Cargo	Val	20171121c-32/111158	02072.wav	102
0	Cargo	Val	20171129-55/000645	03671.wav	59
0	Cargo	Val	20171107b-6/6	00425.wav	77
0	Cargo	Val	20171123c-40/135730	02607.wav	7
0	Cargo	Val	20171205e-71/111659	04716.wav	42
0	Cargo	Val	20171113-13/13	00875.wav	40
0	Cargo	Val	20171125d-47/214505	03121.wav	35
0	Cargo	Val	20171215c-109/141018	07308.wav	124
0	Cargo	Val	20171205a-70/030344	04630.wav	53
0	Cargo	Val	20171210c-90/124043	06128.wav	27
0	Cargo	Val	20171107-5/5	00325.wav	36
0	Cargo	Val	20171120-30/214753	01816.wav	21
0	Cargo	Val	20171122a-35/060651	02304.wav	56
0	Cargo	Val	20171126-49/023314	03275.wav	45
0	Cargo	Val	20171125-44/44	02896.wav	32
0	Cargo	Val	20171115d-20/20	01240.wav	32
0	Cargo	Val	20171121c-32/111158	02102.wav	12
0	Cargo	Val	20171129-55/000645	03667.wav	12
0	Cargo	Val	20171107b-6/6	00409.wav	89
0	Cargo	Val	20171123c-40/135730	02667.wav	21
0	Cargo	Val	20171205e-71/111659	04706.wav	28
0	Cargo	Val	20171113-13/13	00904.wav	32
0	Cargo	Val	20171125d-47/214505	03142.wav	40
0	Cargo	Val	20171215c-109/141018	07269.wav	77
0	Cargo	Val	20171205a-70/030344	04654.wav	16
0	Cargo	Val	20171210c-90/124043	06092.wav	70
0	Cargo	Val	20171107-5/5	00335.wav	12
0	Cargo	Val	20171120-30/214753	01790.wav	27
0	Cargo	Val	20171122a-35/060651	02284.wav	37
0	Cargo	Val	20171126-49/023314	03266.wav	37
0	Cargo	Val	20171125-44/44	02920.wav	23
0	Cargo	Val	20171115d-20/20	01247.wav	25
0	Cargo	Val	20171121c-32/111158	02114.wav	81
0	Cargo	Val	20171129-55/000645	03689.wav	23
0	Cargo	Val	20171107b-6/6	00401.wav	18
0	Cargo	Val	20171123c-40/135730	02686.wav	47
0	Cargo	Val	20171205e-71/111659	04724.wav	37
0	Cargo	Val	20171113-13/13	00905.wav	38
0	Cargo	Val	20171125d-47/214505	03144.wav	8
0	Cargo	Val	20171215c-109/141018	07287.wav	32
0	Cargo	Val	20171205a-70/030344	04672.wav	63
0	Cargo	Val	20171210c-90/124043	06089.wav	35
0	Cargo	Val	20171107-5/5	00311.wav	17
0	Cargo	Val	20171120-30/214753	01791.wav	42
0	Cargo	Val	20171122a-35/060651	02277.wav	14
0	Cargo	Val	20171126-49/023314	03283.wav	42
0	Cargo	Val	20171125-44/44	02900.wav	40
0	Cargo	Val	20171115d-20/20	01250.wav	74
0	Cargo	Val	20171121c-32/111158	02121.wav	118
0	Cargo	Val	20171129-55/000645	03726.wav	8
0	Cargo	Val	20171107b-6/6	00417.wav	92
0	Cargo	Val	20171123c-40/135730	02622.wav	91
0	Cargo	Val	20171205e-71/111659	04708.wav	39
0	Cargo	Val	20171113-13/13	00872.wav	23
0	Cargo	Val	20171125d-47/214505	03146.wav	32
0	Cargo	Val	20171215c-109/141018	07337.wav	67
0	Cargo	Val	20171205a-70/030344	04695.wav	52
0	Cargo	Val	20171210c-90/124043	06127.wav	73
0	Cargo	Val	20171107-5/5	00319.wav	19
0	Cargo	Val	20171120-30/214753	01775.wav	61
0	Cargo	Val	20171122a-35/060651	02303.wav	6
0	Cargo	Val	20171126-49/023314	03264.wav	29
0	Cargo	Val	20171125-44/44	02882.wav	3
0	Cargo	Val	20171115d-20/20	01306.wav	39
0	Cargo	Val	20171121c-32/111158	02064.wav	95
0	Cargo	Val	20171129-55/000645	03674.wav	15
0	Cargo	Val	20171107b-6/6	00397.wav	67
0	Cargo	Val	20171123c-40/135730	02692.wav	84
0	Cargo	Val	20171205e-71/111659	04747.wav	15
0	Cargo	Val	20171113-13/13	00863.wav	46
0	Cargo	Val	20171125d-47/214505	03125.wav	17
0	Cargo	Val	20171215c-109/141018	07292.wav	104
0	Cargo	Val	20171205a-70/030344	04634.wav	24
0	Cargo	Val	20171210c-90/124043	06098.wav	54
1	Tanker	Train	20171126a-153/090000	05387.wav	2
1	Tanker	Train	20171014-143/115751	05082.wav	5
1	Tanker	Train	20170608-113/234244	03829.wav	2
1	Tanker	Train	20180509-204/124919	07336.wav	9
1	Tanker	Train	20180821-230/005202	08466.wav	45
1	Tanker	Train	20160509-1/123109	00048.wav	39
1	Tanker	Train	20170412-96/114857	03063.wav	2
1	Tanker	Train	20170326a-88/203852	02856.wav	4
1	Tanker	Train	20170909-138/191109	04942.wav	11
1	Tanker	Train	20180206a-176/131726	06119.wav	11
1	Tanker	Train	20160724-27/025459	01090.wav	46
1	Tanker	Train	20170409-95/031833	02970.wav	6
1	Tanker	Train	20180413-191/212814	06657.wav	2
1	Tanker	Train	20180430-200/033225	07110.wav	20
1	Tanker	Train	20180602-212/172529	07588.wav	33
1	Tanker	Train	20170529-110/124845	03701.wav	38
1	Tanker	Train	20171015-144/090640	05100.wav	3
1	Tanker	Train	20170802-130/135021	04619.wav	5
1	Tanker	Train	20180425-199/083048	07076.wav	111
1	Tanker	Train	20180402-187/060415	06548.wav	25
1	Tanker	Train	20170327-90/112002	02905.wav	2
1	Tanker	Train	20171223-162/150450	05682.wav	51
1	Tanker	Train	20170728-129/202445	04581.wav	16
1	Tanker	Train	20180915-235/150156	08564.wav	17
1	Tanker	Train	20180418-193/004704	06728.wav	24
1	Tanker	Train	20160511-2/2	00079.wav	26
1	Tanker	Train	20160810a-30/30	01221.wav	3
1	Tanker	Train	20170623-117/232502	03938.wav	12
1	Tanker	Train	20170723a-128/192900	04565.wav	62
1	Tanker	Train	20180630-221/173807	07935.wav	6
1	Tanker	Train	20160526-6/6	00240.wav	13
1	Tanker	Train	20160823-31/041452	01253.wav	34
1	Tanker	Train	20180423-198/063301	06956.wav	2
1	Tanker	Train	20180316a-186/174010	06510.wav	27
1	Tanker	Train	20161005-41/41	01596.wav	8
1	Tanker	Train	20161021-43/43	01620.wav	5
1	Tanker	Train	20170625-118/180527	03950.wav	3
1	Tanker	Train	20171008-141/053342	04993.wav	6
1	Tanker	Train	20160703-21/21	00715.wav	2
1	Tanker	Train	20180604-213/122139	07640.wav	13
1	Tanker	Train	20160907-36/094356	01389.wav	46
1	Tanker	Train	20171023-145/214849	05109.wav	6
1	Tanker	Train	20170102-68/001752	02239.wav	3
1	Tanker	Train	20161218-65/134000	02142.wav	11
1	Tanker	Train	20161121-54/094048	01909.wav	5
1	Tanker	Train	20170621-116/221235	03920.wav	2
1	Tanker	Train	20160710a-24/24	00873.wav	3
1	Tanker	Train	20160515-3/020119	00099.wav	5
1	Tanker	Train	20160519-5/5	00225.wav	9
1	Tanker	Train	20171207-157/150539	05444.wav	17
1	Tanker	Train	20160702-20/20	00713.wav	3
1	Tanker	Train	20170122a-73/032130	02344.wav	3
1	Tanker	Train	20170203-76/002153	02507.wav	7
1	Tanker	Train	20160612-12/12	00407.wav	4
1	Tanker	Train	20160924-38/38	01490.wav	19
1	Tanker	Train	20160710-23/104049	00831.wav	25
1	Tanker	Train	20180311-182/212409	06438.wav	7
1	Tanker	Train	20161101a-49/49	01793.wav	6
1	Tanker	Train	20161022-44/030503	01645.wav	41
1	Tanker	Train	20170605-112/143212	03770.wav	35
1	Tanker	Train	20161030-47/47	01782.wav	4
1	Tanker	Train	20180411-189/081047	06605.wav	2
1	Tanker	Train	20171108-149/011449	05187.wav	18
1	Tanker	Train	20171216-159/160715	05625.wav	40
1	Tanker	Train	20180914-234/024440	08558.wav	4
1	Tanker	Train	20171121-151/180451	05299.wav	3
1	Tanker	Train	20180519-208/103407	07492.wav	8
1	Tanker	Train	20170403-92/044833	02914.wav	4
1	Tanker	Train	20180616-218/225427	07853.wav	4
1	Tanker	Train	20180206-175/104114	06084.wav	5
1	Tanker	Train	20170627-119/111336	03994.wav	100
1	Tanker	Train	20161128-58/005608	01992.wav	2
1	Tanker	Train	20160615-14/14	00422.wav	2
1	Tanker	Train	20170404-94/061416	02955.wav	2
1	Tanker	Train	20170712-125/013547	04388.wav	65
1	Tanker	Train	20160910-37/190037	01483.wav	27
1	Tanker	Train	20170421a-101/064626	03268.wav	17
1	Tanker	Train	20170510-105/041848	03515.wav	61
1	Tanker	Train	20180515-206/031557	07432.wav	9
1	Tanker	Train	20170509-104/105420	03467.wav	55
1	Tanker	Train	20160601-8/8	00365.wav	3
1	Tanker	Train	20170614-115/021303	03858.wav	42
1	Tanker	Train	20160714-25/111759	00963.wav	37
1	Tanker	Train	20170413-97/112445	03067.wav	3
1	Tanker	Train	20180710-225/065625	08213.wav	2
1	Tanker	Train	20171208-158/193936	05507.wav	70
1	Tanker	Train	20180417-192/005456	06674.wav	19
1	Tanker	Train	20170219-82/104435	02686.wav	46
1	Tanker	Train	20180119-167/055815	05784.wav	2
1	Tanker	Train	20180610-215/135143	07677.wav	26
1	Tanker	Train	20180208-177/234708	06129.wav	4
1	Tanker	Train	20180510-205/062026	07343.wav	62
1	Tanker	Train	20180411a-190/193519	06632.wav	47
1	Tanker	Train	20180120a-170/211000	05897.wav	2
1	Tanker	Train	20171110-150/231243	05255.wav	38
1	Tanker	Train	20170326b-89/231111	02883.wav	34
1	Tanker	Train	20170901-137/205515	04882.wav	53
1	Tanker	Train	20180221-179/020619	06282.wav	48
1	Tanker	Train	20161024-45/061514	01683.wav	35
1	Tanker	Train	20161227-67/034311	02237.wav	3
1	Tanker	Train	20180117-166/054518	05775.wav	2
1	Tanker	Train	20180725a-228/222512	08338.wav	60
1	Tanker	Train	20161215-64/025503	02134.wav	2
1	Tanker	Train	20170205-78/163939	02625.wav	8
1	Tanker	Train	20170818-132/060518	04636.wav	3
1	Tanker	Train	20170317-86/072019	02829.wav	6
1	Tanker	Train	20180705-224/144030	08189.wav	37
1	Tanker	Train	20171222-160/141803	05637.wav	13
1	Tanker	Train	20170511-106/050253	03597.wav	7
1	Tanker	Train	20160619a-18/18	00692.wav	13
1	Tanker	Train	20170420-99/170815	03141.wav	16
1	Tanker	Train	20180520-209/130618	07498.wav	2
1	Tanker	Train	20161009-42/42	01608.wav	6
1	Tanker	Train	20160619-17/173821	00629.wav	49
1	Tanker	Train	20180612a-217/230757	07818.wav	29
1	Tanker	Train	20160602-9/9	00369.wav	3
1	Tanker	Train	20161211-63/204245	02099.wav	71
1	Tanker	Train	20160808-28/203415	01124.wav	44
1	Tanker	Train	20161125-57/202025	01946.wav	2
1	Tanker	Train	20170327a-91/224310	02911.wav	3
1	Tanker	Train	20161027-46/145435	01761.wav	15
1	Tanker	Train	20170206-79/081843	02634.wav	6
1	Tanker	Train	20170204-77/232817	02614.wav	41
1	Tanker	Train	20170227-83/235904	02734.wav	3
1	Tanker	Train	20170630-121/210742	04130.wav	4
1	Tanker	Train	20170119-69/153739	02265.wav	5
1	Tanker	Train	20180523-210/171217	07505.wav	6
1	Tanker	Train	20160927-39/39	01542.wav	23
1	Tanker	Train	20170326-87/022836	02848.wav	7
1	Tanker	Train	20160613-13/13	00412.wav	25
1	Tanker	Train	20171222a-161/152008	05647.wav	2
1	Tanker	Train	20161124-56/095256	01940.wav	7
1	Tanker	Train	20170301-84/230755	02761.wav	20
1	Tanker	Train	20171029-147/012439	05115.wav	5
1	Tanker	Train	20160831-33/33	01293.wav	3
1	Tanker	Train	20180904-233/183908	08556.wav	2
1	Tanker	Train	20170822-133/172736	04648.wav	55
1	Tanker	Train	20180826-232/010604	08549.wav	4
1	Tanker	Train	20161113-237/174452	01886.wav	19
1	Tanker	Train	20180405-188/025825	06600.wav	13
1	Tanker	Train	20170720-127/064114	04497.wav	2
1	Tanker	Train	20180314a-184/171300	06500.wav	12
1	Tanker	Train	20180506-201/014248	07144.wav	12
1	Tanker	Train	20180725-227/013354	08273.wav	35
1	Tanker	Train	20171024-146/085126	05111.wav	2
1	Tanker	Train	20161101-48/48	01786.wav	2
1	Tanker	Train	20180314-183/155725	06463.wav	11
1	Tanker	Train	20180703-223/143323	08057.wav	59
1	Tanker	Train	20170425-102/231243	03318.wav	89
1	Tanker	Train	20170216-81/035911	02653.wav	49
1	Tanker	Train	20180710a-226/070051	08214.wav	2
1	Tanker	Train	20160906-35/35	01347.wav	2
1	Tanker	Train	20160904-34/005747	01321.wav	12
1	Tanker	Train	20180618-219/031247	07859.wav	3
1	Tanker	Train	20160516-4/134837	00200.wav	26
1	Tanker	Train	20170403a-93/102955	02926.wav	20
1	Tanker	Train	20180316-185/163653	06502.wav	3
1	Tanker	Train	20160604-11/171238	00387.wav	38
1	Tanker	Train	20180211-178/180933	06225.wav	88
1	Tanker	Train	20161113a-53/212239	01903.wav	2
1	Tanker	Train	20171126a-153/090000	05384.wav	4
1	Tanker	Train	20171014-143/115751	05085.wav	8
1	Tanker	Train	20170608-113/234244	03825.wav	7
1	Tanker	Train	20180509-204/124919	07332.wav	5
1	Tanker	Train	20180821-230/005202	08436.wav	2
1	Tanker	Train	20160509-1/123109	00005.wav	34
1	Tanker	Train	20170412-96/114857	03064.wav	3
1	Tanker	Train	20170326a-88/203852	02854.wav	3
1	Tanker	Train	20170909-138/191109	04925.wav	3
1	Tanker	Train	20180206a-176/131726	06109.wav	5
1	Tanker	Train	20160724-27/025459	01110.wav	9
1	Tanker	Train	20170409-95/031833	03035.wav	99
1	Tanker	Train	20180430-200/033225	07122.wav	35
1	Tanker	Train	20180602-212/172529	07558.wav	28
1	Tanker	Train	20170529-110/124845	03708.wav	3
1	Tanker	Train	20171015-144/090640	05096.wav	9
1	Tanker	Train	20170802-130/135021	04627.wav	8
1	Tanker	Train	20180425-199/083048	06970.wav	123
1	Tanker	Train	20180402-187/060415	06562.wav	65
1	Tanker	Train	20171223-162/150450	05740.wav	98
1	Tanker	Train	20170728-129/202445	04605.wav	37
1	Tanker	Train	20180915-235/150156	08566.wav	6
1	Tanker	Train	20180418-193/004704	06796.wav	62
1	Tanker	Train	20160511-2/2	00075.wav	25
1	Tanker	Train	20160810a-30/30	01218.wav	5
1	Tanker	Train	20170623-117/232502	03934.wav	5
1	Tanker	Train	20170723a-128/192900	04537.wav	29
1	Tanker	Train	20180630-221/173807	07936.wav	3
1	Tanker	Train	20160526-6/6	00228.wav	14
1	Tanker	Train	20160823-31/041452	01255.wav	22
1	Tanker	Train	20180423-198/063301	06959.wav	4
1	Tanker	Train	20180316a-186/174010	06506.wav	22
1	Tanker	Train	20161005-41/41	01598.wav	2
1	Tanker	Train	20161021-43/43	01617.wav	3
1	Tanker	Train	20170625-118/180527	03941.wav	10
1	Tanker	Train	20171008-141/053342	04997.wav	2
1	Tanker	Train	20160703-21/21	00717.wav	3
1	Tanker	Train	20180604-213/122139	07623.wav	20
1	Tanker	Train	20160907-36/094356	01354.wav	18
1	Tanker	Train	20171023-145/214849	05104.wav	5
1	Tanker	Train	20170102-68/001752	02254.wav	22
1	Tanker	Train	20161218-65/134000	02193.wav	71
1	Tanker	Train	20161121-54/094048	01910.wav	4
1	Tanker	Train	20170621-116/221235	03922.wav	5
1	Tanker	Train	20160710a-24/24	00875.wav	4
1	Tanker	Train	20160515-3/020119	00090.wav	8
1	Tanker	Train	20160519-5/5	00221.wav	4
1	Tanker	Train	20171207-157/150539	05460.wav	34
1	Tanker	Train	20160702-20/20	00699.wav	6
1	Tanker	Train	20170122a-73/032130	02342.wav	2
1	Tanker	Train	20170203-76/002153	02502.wav	4
1	Tanker	Train	20160612-12/12	00405.wav	5
1	Tanker	Train	20160924-38/38	01501.wav	5
1	Tanker	Train	20160710-23/104049	00850.wav	37
1	Tanker	Train	20180311-182/212409	06405.wav	59
1	Tanker	Train	20161101a-49/49	01797.wav	7
1	Tanker	Train	20161022-44/030503	01641.wav	26
1	Tanker	Train	20170605-112/143212	03780.wav	65
1	Tanker	Train	20161030-47/47	01783.wav	3
1	Tanker	Train	20171108-149/011449	05165.wav	99
1	Tanker	Train	20171216-159/160715	05610.wav	42
1	Tanker	Train	20180914-234/024440	08557.wav	3
1	Tanker	Train	20171121-151/180451	05298.wav	2
1	Tanker	Train	20180519-208/103407	07479.wav	34
1	Tanker	Train	20170403-92/044833	02913.wav	5
1	Tanker	Train	20180616-218/225427	07849.wav	5
1	Tanker	Train	20180206-175/104114	06100.wav	15
1	Tanker	Train	20170627-119/111336	04000.wav	77
1	Tanker	Train	20161128-58/005608	02023.wav	47
1	Tanker	Train	20160615-14/14	00426.wav	3
1	Tanker	Train	20170404-94/061416	02956.wav	3
1	Tanker	Train	20170712-125/013547	04421.wav	13
1	Tanker	Train	20160910-37/190037	01470.wav	20
1	Tanker	Train	20170421a-101/064626	03252.wav	18
1	Tanker	Train	20170510-105/041848	03559.wav	36
1	Tanker	Train	20180515-206/031557	07439.wav	21
1	Tanker	Train	20170509-104/105420	03413.wav	16
1	Tanker	Train	20160601-8/8	00364.wav	5
1	Tanker	Train	20170614-115/021303	03888.wav	59
1	Tanker	Train	20160714-25/111759	00955.wav	55
1	Tanker	Train	20170413-97/112445	03066.wav	5
1	Tanker	Train	20180710-225/065625	08208.wav	3
1	Tanker	Train	20171208-158/193936	05484.wav	76
1	Tanker	Train	20180417-192/005456	06671.wav	33
1	Tanker	Train	20170219-82/104435	02705.wav	57
1	Tanker	Train	20180119-167/055815	05781.wav	4
1	Tanker	Train	20180610-215/135143	07686.wav	20
1	Tanker	Train	20180208-177/234708	06128.wav	2
1	Tanker	Train	20180510-205/062026	07363.wav	19
1	Tanker	Train	20180411a-190/193519	06625.wav	2
1	Tanker	Train	20171110-150/231243	05236.wav	53
1	Tanker	Train	20170326b-89/231111	02898.wav	2
1	Tanker	Train	20170901-137/205515	04832.wav	63
1	Tanker	Train	20180221-179/020619	06294.wav	76
1	Tanker	Train	20161024-45/061514	01696.wav	30
1	Tanker	Train	20161227-67/034311	02236.wav	2
1	Tanker	Train	20180117-166/054518	05776.wav	3
1	Tanker	Train	20180725a-228/222512	08337.wav	15
1	Tanker	Train	20170205-78/163939	02623.wav	5
1	Tanker	Train	20170818-132/060518	04635.wav	11
1	Tanker	Train	20170317-86/072019	02802.wav	20
1	Tanker	Train	20180705-224/144030	08154.wav	52
1	Tanker	Train	20171222-160/141803	05632.wav	8
1	Tanker	Train	20170511-106/050253	03595.wav	10
1	Tanker	Train	20160619a-18/18	00686.wav	5
1	Tanker	Train	20170420-99/170815	03147.wav	11
1	Tanker	Train	20180520-209/130618	07500.wav	3
1	Tanker	Train	20161009-42/42	01615.wav	5
1	Tanker	Train	20160619-17/173821	00677.wav	32
1	Tanker	Train	20180612a-217/230757	07833.wav	56
1	Tanker	Train	20160602-9/9	00370.wav	2
1	Tanker	Train	20161211-63/204245	02121.wav	8
1	Tanker	Train	20160808-28/203415	01148.wav	24
1	Tanker	Train	20170327a-91/224310	02909.wav	6
1	Tanker	Train	20161027-46/145435	01769.wav	31
1	Tanker	Train	20170206-79/081843	02629.wav	4
1	Tanker	Train	20170204-77/232817	02544.wav	63
1	Tanker	Train	20170227-83/235904	02730.wav	2
1	Tanker	Train	20170630-121/210742	04131.wav	3
1	Tanker	Train	20170119-69/153739	02268.wav	6
1	Tanker	Train	20180523-210/171217	07508.wav	5
1	Tanker	Train	20160927-39/39	01526.wav	21
1	Tanker	Train	20170326-87/022836	02847.wav	12
1	Tanker	Train	20160613-13/13	00417.wav	24
1	Tanker	Train	20171222a-161/152008	05645.wav	5
1	Tanker	Train	20161124-56/095256	01935.wav	5
1	Tanker	Train	20170301-84/230755	02740.wav	13
1	Tanker	Train	20171029-147/012439	05118.wav	4
1	Tanker	Train	20160831-33/33	01292.wav	2
1	Tanker	Train	20180904-233/183908	08555.wav	3
1	Tanker	Train	20170822-133/172736	04703.wav	41
1	Tanker	Train	20180826-232/010604	08553.wav	5
1	Tanker	Train	20161113-237/174452	01853.wav	52
1	Tanker	Train	20180405-188/025825	06604.wav	10
1	Tanker	Train	20170720-127/064114	04498.wav	3
1	Tanker	Train	20180314a-184/171300	06492.wav	2
1	Tanker	Train	20180506-201/014248	07195.wav	10
1	Tanker	Train	20180725-227/013354	08287.wav	30
1	Tanker	Train	20171024-146/085126	05112.wav	3
1	Tanker	Train	20161101-48/48	01790.wav	6
1	Tanker	Train	20180314-183/155725	06443.wav	40
1	Tanker	Train	20180703-223/143323	08060.wav	84
1	Tanker	Train	20170425-102/231243	03345.wav	35
1	Tanker	Train	20170216-81/035911	02649.wav	53
1	Tanker	Train	20180710a-226/070051	08216.wav	3
1	Tanker	Train	20160906-35/35	01345.wav	3
1	Tanker	Train	20160904-34/005747	01299.wav	37
1	Tanker	Train	20180618-219/031247	07857.wav	7
1	Tanker	Train	20160516-4/134837	00175.wav	23
1	Tanker	Train	20170403a-93/102955	02946.wav	2
1	Tanker	Train	20180316-185/163653	06501.wav	2
1	Tanker	Train	20160604-11/171238	00398.wav	42
1	Tanker	Train	20180211-178/180933	06188.wav	71
1	Tanker	Train	20161113a-53/212239	01901.wav	3
1	Tanker	Train	20171126a-153/090000	05386.wav	3
1	Tanker	Train	20171014-143/115751	05084.wav	4
1	Tanker	Train	20170608-113/234244	03826.wav	8
1	Tanker	Train	20180509-204/124919	07329.wav	7
1	Tanker	Train	20180821-230/005202	08457.wav	53
1	Tanker	Train	20160509-1/123109	00020.wav	5
1	Tanker	Train	20170326a-88/203852	02853.wav	2
1	Tanker	Train	20170909-138/191109	04936.wav	33
1	Tanker	Train	20180206a-176/131726	06107.wav	18
1	Tanker	Train	20160724-27/025459	01075.wav	53
1	Tanker	Train	20170409-95/031833	02983.wav	48
1	Tanker	Train	20180430-200/033225	07114.wav	38
1	Tanker	Train	20180602-212/172529	07572.wav	46
1	Tanker	Train	20170529-110/124845	03661.wav	83
1	Tanker	Train	20171015-144/090640	05097.wav	8
1	Tanker	Train	20170802-130/135021	04626.wav	11
1	Tanker	Train	20180425-199/083048	07025.wav	61
1	Tanker	Train	20180402-187/060415	06583.wav	35
1	Tanker	Train	20171223-162/150450	05655.wav	77
1	Tanker	Train	20170728-129/202445	04610.wav	22
1	Tanker	Train	20180915-235/150156	08578.wav	15
1	Tanker	Train	20180418-193/004704	06800.wav	11
1	Tanker	Train	20160511-2/2	00077.wav	12
1	Tanker	Train	20160810a-30/30	01222.wav	2
1	Tanker	Train	20170623-117/232502	03931.wav	4
1	Tanker	Train	20170723a-128/192900	04572.wav	44
1	Tanker	Train	20180630-221/173807	07937.wav	5
1	Tanker	Train	20160526-6/6	00249.wav	32
1	Tanker	Train	20160823-31/041452	01250.wav	57
1	Tanker	Train	20180423-198/063301	06960.wav	5
1	Tanker	Train	20180316a-186/174010	06513.wav	31
1	Tanker	Train	20161005-41/41	01599.wav	4
1	Tanker	Train	20161021-43/43	01618.wav	2
1	Tanker	Train	20170625-118/180527	03949.wav	4
1	Tanker	Train	20171008-141/053342	04998.wav	8
1	Tanker	Train	20180604-213/122139	07630.wav	17
1	Tanker	Train	20160907-36/094356	01378.wav	62
1	Tanker	Train	20171023-145/214849	05110.wav	4
1	Tanker	Train	20170102-68/001752	02241.wav	17
1	Tanker	Train	20161218-65/134000	02165.wav	77
1	Tanker	Train	20161121-54/094048	01913.wav	12
1	Tanker	Train	20170621-116/221235	03919.wav	3
1	Tanker	Train	20160710a-24/24	00874.wav	2
1	Tanker	Train	20160515-3/020119	00100.wav	19
1	Tanker	Train	20160519-5/5	00222.wav	2
1	Tanker	Train	20171207-157/150539	05424.wav	19
1	Tanker	Train	20160702-20/20	00712.wav	17
1	Tanker	Train	20170203-76/002153	02503.wav	5
1	Tanker	Train	20160612-12/12	00406.wav	6
1	Tanker	Train	20160924-38/38	01493.wav	30
1	Tanker	Train	20160710-23/104049	00846.wav	55
1	Tanker	Train	20180311-182/212409	06411.wav	41
1	Tanker	Train	20161101a-49/49	01794.wav	4
1	Tanker	Train	20161022-44/030503	01624.wav	7
1	Tanker	Train	20170605-112/143212	03823.wav	13
1	Tanker	Train	20161030-47/47	01781.wav	2
1	Tanker	Train	20171108-149/011449	05203.wav	61
1	Tanker	Train	20171216-159/160715	05617.wav	48
1	Tanker	Train	20180914-234/024440	08560.wav	2
1	Tanker	Train	20180519-208/103407	07483.wav	14
1	Tanker	Train	20170403-92/044833	02918.wav	3
1	Tanker	Train	20180616-218/225427	07851.wav	8
1	Tanker	Train	20180206-175/104114	06087.wav	9
1	Tanker	Train	20170627-119/111336	04051.wav	13
1	Tanker	Train	20161128-58/005608	01967.wav	23
1	Tanker	Train	20160615-14/14	00423.wav	4
1	Tanker	Train	20170712-125/013547	04480.wav	77
1	Tanker	Train	20160910-37/190037	01451.wav	16
1	Tanker	Train	20170421a-101/064626	03267.wav	21
1	Tanker	Train	20170510-105/041848	03513.wav	6
1	Tanker	Train	20180515-206/031557	07403.wav	23
1	Tanker	Train	20170509-104/105420	03408.wav	29
1	Tanker	Train	20160601-8/8	00361.wav	4
1	Tanker	Train	20170614-115/021303	03890.wav	41
1	Tanker	Train	20160714-25/111759	00928.wav	49
1	Tanker	Train	20170413-97/112445	03074.wav	7
1	Tanker	Train	20180710-225/065625	08212.wav	6
1	Tanker	Train	20171208-158/193936	05508.wav	17
1	Tanker	Train	20180417-192/005456	06664.wav	48
1	Tanker	Train	20170219-82/104435	02715.wav	13
1	Tanker	Train	20180119-167/055815	05783.wav	3
1	Tanker	Train	20180610-215/135143	07648.wav	50
1	Tanker	Train	20180208-177/234708	06127.wav	3
1	Tanker	Train	20180510-205/062026	07360.wav	21
1	Tanker	Train	20180411a-190/193519	06609.wav	12
1	Tanker	Train	20171110-150/231243	05225.wav	67
1	Tanker	Train	20170326b-89/231111	02879.wav	45
1	Tanker	Train	20170901-137/205515	04870.wav	4
1	Tanker	Train	20180221-179/020619	06289.wav	27
1	Tanker	Train	20161024-45/061514	01710.wav	43
1	Tanker	Train	20161227-67/034311	02234.wav	4
1	Tanker	Train	20180117-166/054518	05779.wav	6
1	Tanker	Train	20180725a-228/222512	08325.wav	68
1	Tanker	Train	20170205-78/163939	02627.wav	7
1	Tanker	Train	20170818-132/060518	04630.wav	4
1	Tanker	Train	20170317-86/072019	02838.wav	31
1	Tanker	Train	20180705-224/144030	08165.wav	62
1	Tanker	Train	20171222-160/141803	05641.wav	14
1	Tanker	Train	20170511-106/050253	03598.wav	23
1	Tanker	Train	20160619a-18/18	00691.wav	3
1	Tanker	Train	20170420-99/170815	03154.wav	7
1	Tanker	Train	20180520-209/130618	07499.wav	4
1	Tanker	Train	20161009-42/42	01604.wav	12
1	Tanker	Train	20160619-17/173821	00674.wav	40
1	Tanker	Train	20180612a-217/230757	07786.wav	12
1	Tanker	Train	20161211-63/204245	02071.wav	22
1	Tanker	Train	20160808-28/203415	01191.wav	6
1	Tanker	Train	20170327a-91/224310	02910.wav	5
1	Tanker	Train	20161027-46/145435	01727.wav	4
1	Tanker	Train	20170206-79/081843	02632.wav	3
1	Tanker	Train	20170204-77/232817	02609.wav	108
1	Tanker	Train	20170227-83/235904	02729.wav	5
1	Tanker	Train	20170630-121/210742	04132.wav	2
1	Tanker	Train	20170119-69/153739	02266.wav	3
1	Tanker	Train	20180523-210/171217	07509.wav	4
1	Tanker	Train	20160927-39/39	01534.wav	2
1	Tanker	Train	20170326-87/022836	02844.wav	3
1	Tanker	Train	20160613-13/13	00418.wav	30
1	Tanker	Train	20171222a-161/152008	05646.wav	3
1	Tanker	Train	20161124-56/095256	01930.wav	16
1	Tanker	Train	20170301-84/230755	02735.wav	6
1	Tanker	Train	20171029-147/012439	05114.wav	2
1	Tanker	Train	20170822-133/172736	04682.wav	7
1	Tanker	Train	20180826-232/010604	08551.wav	3
1	Tanker	Train	20161113-237/174452	01875.wav	41
1	Tanker	Train	20180405-188/025825	06601.wav	7
1	Tanker	Train	20180314a-184/171300	06496.wav	7
1	Tanker	Train	20180506-201/014248	07154.wav	29
1	Tanker	Train	20180725-227/013354	08242.wav	33
1	Tanker	Train	20161101-48/48	01789.wav	4
1	Tanker	Train	20180314-183/155725	06448.wav	43
1	Tanker	Train	20180703-223/143323	08102.wav	70
1	Tanker	Train	20170425-102/231243	03294.wav	101
1	Tanker	Train	20170216-81/035911	02665.wav	46
1	Tanker	Train	20160904-34/005747	01314.wav	11
1	Tanker	Train	20180618-219/031247	07855.wav	6
1	Tanker	Train	20160516-4/134837	00205.wav	50
1	Tanker	Train	20170403a-93/102955	02952.wav	11
1	Tanker	Train	20180316-185/163653	06504.wav	4
1	Tanker	Train	20160604-11/171238	00384.wav	54
1	Tanker	Train	20180211-178/180933	06199.wav	96
1	Tanker	Train	20161113a-53/212239	01900.wav	5
1	Tanker	Train	20171014-143/115751	05083.wav	6
1	Tanker	Train	20170608-113/234244	03830.wav	6
1	Tanker	Train	20180509-204/124919	07335.wav	8
1	Tanker	Train	20180821-230/005202	08437.wav	62
1	Tanker	Train	20160509-1/123109	00041.wav	8
1	Tanker	Train	20170909-138/191109	04901.wav	44
1	Tanker	Train	20180206a-176/131726	06115.wav	20
1	Tanker	Train	20160724-27/025459	01077.wav	14
1	Tanker	Train	20170409-95/031833	02978.wav	91
1	Tanker	Train	20180430-200/033225	07121.wav	32
1	Tanker	Train	20180602-212/172529	07545.wav	44
1	Tanker	Train	20170529-110/124845	03674.wav	65
1	Tanker	Train	20171015-144/090640	05090.wav	6
1	Tanker	Train	20170802-130/135021	04623.wav	6
1	Tanker	Train	20180425-199/083048	07030.wav	33
1	Tanker	Train	20180402-187/060415	06581.wav	9
1	Tanker	Train	20171223-162/150450	05722.wav	56
1	Tanker	Train	20170728-129/202445	04578.wav	29
1	Tanker	Train	20180915-235/150156	08568.wav	16
1	Tanker	Train	20180418-193/004704	06755.wav	67
1	Tanker	Train	20160511-2/2	00072.wav	17
1	Tanker	Train	20160810a-30/30	01220.wav	6
1	Tanker	Train	20170623-117/232502	03939.wav	13
1	Tanker	Train	20170723a-128/192900	04516.wav	25
1	Tanker	Train	20180630-221/173807	07938.wav	2
1	Tanker	Train	20160526-6/6	00234.wav	34
1	Tanker	Train	20160823-31/041452	01247.wav	4
1	Tanker	Train	20180423-198/063301	06958.wav	3
1	Tanker	Train	20180316a-186/174010	06508.wav	20
1	Tanker	Train	20161005-41/41	01597.wav	7
1	Tanker	Train	20161021-43/43	01621.wav	4
1	Tanker	Train	20170625-118/180527	03945.wav	5
1	Tanker	Train	20171008-141/053342	04988.wav	13
1	Tanker	Train	20180604-213/122139	07617.wav	27
1	Tanker	Train	20160907-36/094356	01376.wav	19
1	Tanker	Train	20171023-145/214849	05108.wav	7
1	Tanker	Train	20170102-68/001752	02252.wav	19
1	Tanker	Train	20161218-65/134000	02198.wav	46
1	Tanker	Train	20161121-54/094048	01908.wav	9
1	Tanker	Train	20170621-116/221235	03921.wav	4
1	Tanker	Train	20160515-3/020119	00135.wav	47
1	Tanker	Train	20160519-5/5	00218.wav	6
1	Tanker	Train	20171207-157/150539	05442.wav	28
1	Tanker	Train	20160702-20/20	00707.wav	4
1	Tanker	Train	20170203-76/002153	02504.wav	8
1	Tanker	Train	20160612-12/12	00408.wav	2
1	Tanker	Train	20160924-38/38	01510.wav	16
1	Tanker	Train	20160710-23/104049	00867.wav	66
1	Tanker	Train	20180311-182/212409	06398.wav	9
1	Tanker	Train	20161101a-49/49	01795.wav	5
1	Tanker	Train	20161022-44/030503	01662.wav	34
1	Tanker	Train	20170605-112/143212	03750.wav	57
1	Tanker	Train	20171108-149/011449	05162.wav	37
1	Tanker	Train	20171216-159/160715	05569.wav	61
1	Tanker	Train	20180519-208/103407	07471.wav	36
1	Tanker	Train	20170403-92/044833	02917.wav	2
1	Tanker	Train	20180616-218/225427	07847.wav	7
1	Tanker	Train	20180206-175/104114	06086.wav	13
1	Tanker	Train	20170627-119/111336	04007.wav	68
1	Tanker	Train	20161128-58/005608	02003.wav	35
1	Tanker	Train	20160615-14/14	00424.wav	5
1	Tanker	Train	20170712-125/013547	04479.wav	47
1	Tanker	Train	20160910-37/190037	01448.wav	24
1	Tanker	Train	20170421a-101/064626	03259.wav	36
1	Tanker	Train	20170510-105/041848	03536.wav	8
1	Tanker	Train	20180515-206/031557	07421.wav	11
1	Tanker	Train	20170509-104/105420	03447.wav	12
1	Tanker	Train	20160601-8/8	00366.wav	2
1	Tanker	Train	20170614-115/021303	03860.wav	56
1	Tanker	Train	20160714-25/111759	00949.wav	38
1	Tanker	Train	20170413-97/112445	03072.wav	4
1	Tanker	Train	20180710-225/065625	08210.wav	7
1	Tanker	Train	20171208-158/193936	05513.wav	79
1	Tanker	Train	20180417-192/005456	06661.wav	13
1	Tanker	Train	20170219-82/104435	02689.wav	3
1	Tanker	Train	20180610-215/135143	07659.wav	23
1	Tanker	Train	20180510-205/062026	07349.wav	13
1	Tanker	Train	20180411a-190/193519	06607.wav	31
1	Tanker	Train	20171110-150/231243	05233.wav	8
1	Tanker	Train	20170326b-89/231111	02876.wav	20
1	Tanker	Train	20170901-137/205515	04860.wav	44
1	Tanker	Train	20180221-179/020619	06264.wav	24
1	Tanker	Train	20161024-45/061514	01695.wav	18
1	Tanker	Train	20180117-166/054518	05777.wav	4
1	Tanker	Train	20180725a-228/222512	08332.wav	17
1	Tanker	Train	20170205-78/163939	02622.wav	2
1	Tanker	Train	20170818-132/060518	04638.wav	6
1	Tanker	Train	20170317-86/072019	02834.wav	38
1	Tanker	Train	20180705-224/144030	08142.wav	50
1	Tanker	Train	20171222-160/141803	05643.wav	5
1	Tanker	Train	20170511-106/050253	03605.wav	19
1	Tanker	Train	20160619a-18/18	00684.wav	11
1	Tanker	Train	20170420-99/170815	03146.wav	14
1	Tanker	Train	20161009-42/42	01616.wav	14
1	Tanker	Train	20160619-17/173821	00619.wav	60
1	Tanker	Train	20180612a-217/230757	07813.wav	54
1	Tanker	Train	20161211-63/204245	02131.wav	57
1	Tanker	Train	20160808-28/203415	01168.wav	18
1	Tanker	Train	20170327a-91/224310	02912.wav	4
1	Tanker	Train	20161027-46/145435	01717.wav	63
1	Tanker	Train	20170206-79/081843	02630.wav	5
1	Tanker	Train	20170204-77/232817	02546.wav	42
1	Tanker	Train	20170227-83/235904	02732.wav	6
1	Tanker	Train	20170119-69/153739	02262.wav	4
1	Tanker	Train	20180523-210/171217	07504.wav	7
1	Tanker	Train	20160927-39/39	01536.wav	6
1	Tanker	Train	20170326-87/022836	02845.wav	9
1	Tanker	Train	20160613-13/13	00410.wav	26
1	Tanker	Train	20171222a-161/152008	05648.wav	4
1	Tanker	Train	20161124-56/095256	01943.wav	11
1	Tanker	Train	20170301-84/230755	02751.wav	42
1	Tanker	Train	20171029-147/012439	05117.wav	3
1	Tanker	Train	20170822-133/172736	04653.wav	13
1	Tanker	Train	20180826-232/010604	08552.wav	2
1	Tanker	Train	20161113-237/174452	01891.wav	46
1	Tanker	Train	20180405-188/025825	06592.wav	12
1	Tanker	Train	20180314a-184/171300	06499.wav	11
1	Tanker	Train	20180506-201/014248	07189.wav	48
1	Tanker	Train	20180725-227/013354	08262.wav	6
1	Tanker	Train	20161101-48/48	01788.wav	5
1	Tanker	Train	20180314-183/155725	06440.wav	10
1	Tanker	Train	20180703-223/143323	08061.wav	65
1	Tanker	Train	20170425-102/231243	03369.wav	88
1	Tanker	Train	20170216-81/035911	02645.wav	43
1	Tanker	Train	20160904-34/005747	01344.wav	18
1	Tanker	Train	20180618-219/031247	07854.wav	2
1	Tanker	Train	20160516-4/134837	00199.wav	33
1	Tanker	Train	20170403a-93/102955	02944.wav	4
1	Tanker	Train	20160604-11/171238	00393.wav	35
1	Tanker	Train	20180211-178/180933	06179.wav	58
1	Tanker	Train	20161113a-53/212239	01898.wav	6
1	Tanker	Train	20171014-143/115751	05081.wav	3
1	Tanker	Train	20170608-113/234244	03827.wav	3
1	Tanker	Train	20180509-204/124919	07337.wav	6
1	Tanker	Train	20180821-230/005202	08456.wav	27
1	Tanker	Train	20160509-1/123109	00002.wav	17
1	Tanker	Train	20170909-138/191109	04927.wav	48
1	Tanker	Train	20180206a-176/131726	06126.wav	4
1	Tanker	Train	20160724-27/025459	01087.wav	28
1	Tanker	Train	20170409-95/031833	03009.wav	57
1	Tanker	Train	20180430-200/033225	07092.wav	23
1	Tanker	Train	20180602-212/172529	07597.wav	38
1	Tanker	Train	20170529-110/124845	03711.wav	67
1	Tanker	Train	20171015-144/090640	05099.wav	7
1	Tanker	Train	20170802-130/135021	04618.wav	4
1	Tanker	Train	20180425-199/083048	07026.wav	43
1	Tanker	Train	20180402-187/060415	06532.wav	21
1	Tanker	Train	20171223-162/150450	05679.wav	76
1	Tanker	Train	20170728-129/202445	04614.wav	8
1	Tanker	Train	20180915-235/150156	08573.wav	13
1	Tanker	Train	20180418-193/004704	06747.wav	68
1	Tanker	Train	20160511-2/2	00085.wav	19
1	Tanker	Train	20160810a-30/30	01217.wav	4
1	Tanker	Train	20170623-117/232502	03940.wav	2
1	Tanker	Train	20170723a-128/192900	04554.wav	18
1	Tanker	Train	20180630-221/173807	07939.wav	4
1	Tanker	Train	20160526-6/6	00245.wav	23
1	Tanker	Train	20160823-31/041452	01282.wav	45
1	Tanker	Train	20180423-198/063301	06957.wav	6
1	Tanker	Train	20180316a-186/174010	06516.wav	23
1	Tanker	Train	20161005-41/41	01600.wav	5
1	Tanker	Train	20170625-118/180527	03944.wav	13
1	Tanker	Train	20171008-141/053342	04999.wav	14
1	Tanker	Train	20180604-213/122139	07637.wav	25
1	Tanker	Train	20160907-36/094356	01426.wav	26
1	Tanker	Train	20171023-145/214849	05102.wav	9
1	Tanker	Train	20170102-68/001752	02251.wav	20
1	Tanker	Train	20161218-65/134000	02166.wav	61
1	Tanker	Train	20161121-54/094048	01905.wav	6
1	Tanker	Train	20160515-3/020119	00125.wav	37
1	Tanker	Train	20160519-5/5	00223.wav	7
1	Tanker	Train	20171207-157/150539	05467.wav	33
1	Tanker	Train	20160702-20/20	00697.wav	2
1	Tanker	Train	20170203-76/002153	02506.wav	6
1	Tanker	Train	20160612-12/12	00404.wav	3
1	Tanker	Train	20160924-38/38	01506.wav	21
1	Tanker	Train	20160710-23/104049	00808.wav	7
1	Tanker	Train	20180311-182/212409	06422.wav	60
1	Tanker	Train	20161101a-49/49	01792.wav	3
1	Tanker	Train	20161022-44/030503	01637.wav	19
1	Tanker	Train	20170605-112/143212	03756.wav	4
1	Tanker	Train	20171108-149/011449	05135.wav	47
1	Tanker	Train	20171216-159/160715	05589.wav	49
1	Tanker	Train	20180519-208/103407	07465.wav	29
1	Tanker	Train	20170403-92/044833	02915.wav	6
1	Tanker	Train	20180616-218/225427	07848.wav	3
1	Tanker	Train	20180206-175/104114	06092.wav	3
1	Tanker	Train	20170627-119/111336	03973.wav	96
1	Tanker	Train	20161128-58/005608	02022.wav	86
1	Tanker	Train	20170712-125/013547	04478.wav	38
1	Tanker	Train	20160910-37/190037	01473.wav	47
1	Tanker	Train	20170421a-101/064626	03232.wav	19
1	Tanker	Train	20170510-105/041848	03550.wav	60
1	Tanker	Train	20180515-206/031557	07443.wav	14
1	Tanker	Train	20170509-104/105420	03452.wav	42
1	Tanker	Train	20160601-8/8	00363.wav	7
1	Tanker	Train	20170614-115/021303	03853.wav	47
1	Tanker	Train	20160714-25/111759	00888.wav	73
1	Tanker	Train	20170413-97/112445	03068.wav	6
1	Tanker	Train	20180710-225/065625	08205.wav	8
1	Tanker	Train	20171208-158/193936	05538.wav	75
1	Tanker	Train	20180417-192/005456	06689.wav	51
1	Tanker	Train	20170219-82/104435	02683.wav	49
1	Tanker	Train	20180610-215/135143	07698.wav	60
1	Tanker	Train	20180510-205/062026	07384.wav	34
1	Tanker	Train	20180411a-190/193519	06650.wav	28
1	Tanker	Train	20171110-150/231243	05263.wav	3
1	Tanker	Train	20170326b-89/231111	02860.wav	38
1	Tanker	Train	20170901-137/205515	04876.wav	29
1	Tanker	Train	20180221-179/020619	06253.wav	36
1	Tanker	Train	20161024-45/061514	01682.wav	9
1	Tanker	Train	20180117-166/054518	05780.wav	5
1	Tanker	Train	20180725a-228/222512	08345.wav	55
1	Tanker	Train	20170205-78/163939	02628.wav	3
1	Tanker	Train	20170818-132/060518	04631.wav	2
1	Tanker	Train	20170317-86/072019	02814.wav	56
1	Tanker	Train	20180705-224/144030	08135.wav	60
1	Tanker	Train	20171222-160/141803	05629.wav	11
1	Tanker	Train	20170511-106/050253	03603.wav	28
1	Tanker	Train	20160619a-18/18	00690.wav	7
1	Tanker	Train	20170420-99/170815	03148.wav	10
1	Tanker	Train	20161009-42/42	01614.wav	2
1	Tanker	Train	20160619-17/173821	00618.wav	12
1	Tanker	Train	20180612a-217/230757	07811.wav	42
1	Tanker	Train	20161211-63/204245	02063.wav	18
1	Tanker	Train	20160808-28/203415	01121.wav	72
1	Tanker	Train	20170327a-91/224310	02908.wav	2
1	Tanker	Train	20161027-46/145435	01775.wav	24
1	Tanker	Train	20170206-79/081843	02633.wav	2
1	Tanker	Train	20170204-77/232817	02576.wav	9
1	Tanker	Train	20170227-83/235904	02733.wav	4
1	Tanker	Train	20170119-69/153739	02269.wav	2
1	Tanker	Train	20180523-210/171217	07502.wav	8
1	Tanker	Train	20160927-39/39	01537.wav	10
1	Tanker	Train	20170326-87/022836	02841.wav	2
1	Tanker	Train	20160613-13/13	00415.wav	22
1	Tanker	Train	20161124-56/095256	01939.wav	9
1	Tanker	Train	20170301-84/230755	02744.wav	34
1	Tanker	Train	20170822-133/172736	04683.wav	34
1	Tanker	Train	20161113-237/174452	01873.wav	36
1	Tanker	Train	20180405-188/025825	06602.wav	6
1	Tanker	Train	20180314a-184/171300	06494.wav	10
1	Tanker	Train	20180506-201/014248	07173.wav	24
1	Tanker	Train	20180725-227/013354	08305.wav	64
1	Tanker	Test	20180226-180/033811	06347.wav	24
1	Tanker	Test	20170512-107/081819	03625.wav	20
1	Tanker	Test	20171128-155/013710	05392.wav	2
1	Tanker	Test	20170923-140/064301	04982.wav	2
1	Tanker	Test	20180203-174/232020	06073.wav	23
1	Tanker	Test	20170920-139/232910	04958.wav	13
1	Tanker	Test	20161208a-62/200744	02060.wav	5
1	Tanker	Test	20180422-195/171202	06944.wav	3
1	Tanker	Test	20180529-211/093622	07517.wav	4
1	Tanker	Test	20180303-181/060850	06377.wav	17
1	Tanker	Test	20161207-60/090131	02047.wav	3
1	Tanker	Test	20171013-142/115050	05018.wav	60
1	Tanker	Test	20161107-51/170102	01817.wav	12
1	Tanker	Test	20160531-7/142749	00316.wav	88
1	Tanker	Test	20180507-202/212341	07237.wav	10
1	Tanker	Test	20161110-52/005212	01833.wav	2
1	Tanker	Test	20170705-123/030515	04219.wav	69
1	Tanker	Test	20170530-111/004426	03737.wav	6
1	Tanker	Test	20171204-156/222708	05404.wav	9
1	Tanker	Test	20171126-152/025605	05317.wav	74
1	Tanker	Test	20161206-59/221722	02042.wav	5
1	Tanker	Test	20180121-171/222956	05942.wav	47
1	Tanker	Test	20170723-238/052014	04511.wav	9
1	Tanker	Test	20180130-173/054907	06045.wav	3
1	Tanker	Test	20180822-231/142019	08513.wav	69
1	Tanker	Test	20170120-70/070941	02331.wav	24
1	Tanker	Test	20161002-40/130331	01588.wav	45
1	Tanker	Test	20170122b-74/050415	02373.wav	18
1	Tanker	Test	20180422a-196/171529	06949.wav	4
1	Tanker	Test	20160714a-26/141202	01043.wav	11
1	Tanker	Test	20161123-55/171423	01922.wav	4
1	Tanker	Test	20161208-61/135535	02052.wav	2
1	Tanker	Test	20180120-169/125003	05831.wav	96
1	Tanker	Test	20180129-172/025531	06003.wav	73
1	Tanker	Test	20180226-180/033811	06316.wav	45
1	Tanker	Test	20170512-107/081819	03622.wav	10
1	Tanker	Test	20171128-155/013710	05390.wav	3
1	Tanker	Test	20170923-140/064301	04976.wav	6
1	Tanker	Test	20180203-174/232020	06069.wav	27
1	Tanker	Test	20170920-139/232910	04949.wav	21
1	Tanker	Test	20161208a-62/200744	02059.wav	3
1	Tanker	Test	20180422-195/171202	06946.wav	2
1	Tanker	Test	20180529-211/093622	07514.wav	7
1	Tanker	Test	20180303-181/060850	06359.wav	34
1	Tanker	Test	20161207-60/090131	02049.wav	2
1	Tanker	Test	20171013-142/115050	05058.wav	53
1	Tanker	Test	20161107-51/170102	01811.wav	4
1	Tanker	Test	20160531-7/142749	00352.wav	81
1	Tanker	Test	20180507-202/212341	07301.wav	108
1	Tanker	Test	20161110-52/005212	01837.wav	8
1	Tanker	Test	20170705-123/030515	04231.wav	37
1	Tanker	Test	20170530-111/004426	03739.wav	7
1	Tanker	Test	20171204-156/222708	05396.wav	18
1	Tanker	Test	20171126-152/025605	05338.wav	43
1	Tanker	Test	20161206-59/221722	02044.wav	3
1	Tanker	Test	20180121-171/222956	05954.wav	36
1	Tanker	Test	20170723-238/052014	04507.wav	2
1	Tanker	Test	20180130-173/054907	06046.wav	2
1	Tanker	Test	20180822-231/142019	08480.wav	15
1	Tanker	Test	20170120-70/070941	02330.wav	11
1	Tanker	Test	20161002-40/130331	01590.wav	34
1	Tanker	Test	20170122b-74/050415	02355.wav	7
1	Tanker	Test	20180422a-196/171529	06951.wav	2
1	Tanker	Test	20160714a-26/141202	01016.wav	44
1	Tanker	Test	20161123-55/171423	01926.wav	6
1	Tanker	Test	20161208-61/135535	02053.wav	5
1	Tanker	Test	20180120-169/125003	05873.wav	68
1	Tanker	Test	20180129-172/025531	06020.wav	3
1	Tanker	Test	20180226-180/033811	06326.wav	20
1	Tanker	Test	20170512-107/081819	03619.wav	16
1	Tanker	Test	20171128-155/013710	05394.wav	5
1	Tanker	Test	20170923-140/064301	04979.wav	7
1	Tanker	Test	20180203-174/232020	06082.wav	26
1	Tanker	Test	20170920-139/232910	04956.wav	7
1	Tanker	Test	20161208a-62/200744	02056.wav	4
1	Tanker	Test	20180422-195/171202	06947.wav	4
1	Tanker	Test	20180529-211/093622	07521.wav	13
1	Tanker	Test	20180303-181/060850	06369.wav	14
1	Tanker	Test	20161207-60/090131	02050.wav	4
1	Tanker	Test	20171013-142/115050	05077.wav	41
1	Tanker	Test	20161107-51/170102	01809.wav	15
1	Tanker	Test	20160531-7/142749	00295.wav	51
1	Tanker	Test	20180507-202/212341	07299.wav	81
1	Tanker	Test	20161110-52/005212	01836.wav	7
1	Tanker	Test	20170705-123/030515	04214.wav	17
1	Tanker	Test	20170530-111/004426	03732.wav	8
1	Tanker	Test	20171204-156/222708	05408.wav	5
1	Tanker	Test	20171126-152/025605	05383.wav	32
1	Tanker	Test	20161206-59/221722	02040.wav	10
1	Tanker	Test	20180121-171/222956	05933.wav	62
1	Tanker	Test	20170723-238/052014	04500.wav	13
1	Tanker	Test	20180130-173/054907	06044.wav	5
1	Tanker	Test	20180822-231/142019	08501.wav	28
1	Tanker	Test	20170120-70/070941	02299.wav	14
1	Tanker	Test	20161002-40/130331	01549.wav	24
1	Tanker	Test	20170122b-74/050415	02360.wav	9
1	Tanker	Test	20180422a-196/171529	06950.wav	5
1	Tanker	Test	20160714a-26/141202	01012.wav	41
1	Tanker	Test	20161123-55/171423	01924.wav	8
1	Tanker	Test	20161208-61/135535	02054.wav	3
1	Tanker	Test	20180120-169/125003	05872.wav	28
1	Tanker	Test	20180129-172/025531	05976.wav	63
1	Tanker	Test	20180226-180/033811	06310.wav	33
1	Tanker	Test	20170512-107/081819	03612.wav	21
1	Tanker	Test	20171128-155/013710	05391.wav	4
1	Tanker	Test	20170923-140/064301	04984.wav	3
1	Tanker	Test	20180203-174/232020	06061.wav	20
1	Tanker	Test	20170920-139/232910	04963.wav	27
1	Tanker	Test	20161208a-62/200744	02058.wav	2
1	Tanker	Test	20180529-211/093622	07523.wav	11
1	Tanker	Test	20180303-181/060850	06357.wav	28
1	Tanker	Test	20161207-60/090131	02046.wav	5
1	Tanker	Test	20171013-142/115050	05029.wav	67
1	Tanker	Test	20161107-51/170102	01801.wav	6
1	Tanker	Test	20160531-7/142749	00267.wav	5
1	Tanker	Test	20180507-202/212341	07281.wav	63
1	Tanker	Test	20161110-52/005212	01840.wav	4
1	Tanker	Test	20170705-123/030515	04224.wav	55
1	Tanker	Test	20170530-111/004426	03736.wav	5
1	Tanker	Test	20171204-156/222708	05410.wav	8
1	Tanker	Test	20171126-152/025605	05352.wav	84
1	Tanker	Test	20161206-59/221722	02037.wav	8
1	Tanker	Test	20180121-171/222956	05905.wav	27
1	Tanker	Test	20170723-238/052014	04501.wav	8
1	Tanker	Test	20180130-173/054907	06047.wav	7
1	Tanker	Test	20180822-231/142019	08546.wav	19
1	Tanker	Test	20170120-70/070941	02336.wav	4
1	Tanker	Test	20161002-40/130331	01554.wav	43
1	Tanker	Test	20170122b-74/050415	02348.wav	8
1	Tanker	Test	20180422a-196/171529	06953.wav	6
1	Tanker	Test	20160714a-26/141202	00989.wav	31
1	Tanker	Test	20161123-55/171423	01925.wav	7
1	Tanker	Test	20161208-61/135535	02051.wav	4
1	Tanker	Test	20180120-169/125003	05837.wav	9
1	Tanker	Test	20180129-172/025531	05992.wav	14
1	Tanker	Test	20180226-180/033811	06330.wav	30
1	Tanker	Test	20170512-107/081819	03636.wav	9
1	Tanker	Test	20170923-140/064301	04980.wav	8
1	Tanker	Test	20180203-174/232020	06053.wav	2
1	Tanker	Test	20170920-139/232910	04947.wav	12
1	Tanker	Test	20180529-211/093622	07534.wav	3
1	Tanker	Test	20180303-181/060850	06374.wav	31
1	Tanker	Test	20171013-142/115050	05036.wav	13
1	Tanker	Test	20161107-51/170102	01825.wav	31
1	Tanker	Test	20160531-7/142749	00272.wav	3
1	Tanker	Test	20180507-202/212341	07261.wav	51
1	Tanker	Test	20161110-52/005212	01834.wav	6
1	Tanker	Test	20170705-123/030515	04222.wav	2
1	Tanker	Test	20170530-111/004426	03733.wav	2
1	Tanker	Test	20171204-156/222708	05414.wav	17
1	Tanker	Val	20170712a-126/015656	04494.wav	5
1	Tanker	Val	20170704-122/145807	04147.wav	45
1	Tanker	Val	20180607-214/124208	07641.wav	2
1	Tanker	Val	20180508-203/232237	07328.wav	5
1	Tanker	Val	20170124-75/085359	02469.wav	19
1	Tanker	Val	20161106-50/50	01800.wav	2
1	Tanker	Val	20160602a-10/10	00375.wav	4
1	Tanker	Val	20170209-80/040238	02638.wav	4
1	Tanker	Val	20160829-32/32	01290.wav	6
1	Tanker	Val	20170629-120/215813	04093.wav	39
1	Tanker	Val	20170711a-239/191933	04314.wav	89
1	Tanker	Val	20170309-85/095437	02784.wav	2
1	Tanker	Val	20171127-154/162141	05389.wav	2
1	Tanker	Val	20170525-109/111532	03642.wav	3
1	Tanker	Val	20170828-136/215454	04752.wav	78
1	Tanker	Val	20170421-100/010738	03203.wav	61
1	Tanker	Val	20180629-220/001835	07873.wav	5
1	Tanker	Val	20170826-135/005931	04740.wav	13
1	Tanker	Val	20170419-98/021347	03119.wav	51
1	Tanker	Val	20180725b-229/233127	08398.wav	10
1	Tanker	Val	20180515a-207/224627	07460.wav	11
1	Tanker	Val	20160810-29/29	01204.wav	2
1	Tanker	Val	20160625-19/19	00693.wav	2
1	Tanker	Val	20180612-216/032309	07761.wav	13
1	Tanker	Val	20160704-22/111311	00793.wav	79
1	Tanker	Val	20170516-108/201729	03640.wav	3
1	Tanker	Val	20180927-236/173410	08582.wav	2
1	Tanker	Val	20180421-194/025328	06912.wav	11
1	Tanker	Val	20160616-15/214515	00469.wav	7
1	Tanker	Val	20170507-103/213103	03393.wav	11
1	Tanker	Val	20170824-134/194518	04728.wav	3
1	Tanker	Val	20160617-16/225229	00549.wav	65
1	Tanker	Val	20180702-222/172918	08035.wav	58
1	Tanker	Val	20171230a-164/195035	05771.wav	49
1	Tanker	Val	20170712a-126/015656	04488.wav	8
1	Tanker	Val	20170704-122/145807	04173.wav	44
1	Tanker	Val	20180508-203/232237	07324.wav	2
1	Tanker	Val	20170124-75/085359	02432.wav	63
1	Tanker	Val	20160602a-10/10	00376.wav	2
1	Tanker	Val	20170209-80/040238	02640.wav	3
1	Tanker	Val	20160829-32/32	01285.wav	3
1	Tanker	Val	20170629-120/215813	04122.wav	41
1	Tanker	Val	20170711a-239/191933	04281.wav	27
1	Tanker	Val	20170309-85/095437	02783.wav	3
1	Tanker	Val	20170525-109/111532	03643.wav	2
1	Tanker	Val	20170828-136/215454	04783.wav	58
1	Tanker	Val	20170421-100/010738	03172.wav	7
1	Tanker	Val	20180629-220/001835	07900.wav	9
1	Tanker	Val	20170826-135/005931	04741.wav	3
1	Tanker	Val	20170419-98/021347	03105.wav	41
1	Tanker	Val	20180725b-229/233127	08387.wav	2
1	Tanker	Val	20180515a-207/224627	07459.wav	7
1	Tanker	Val	20160810-29/29	01201.wav	11
1	Tanker	Val	20180612-216/032309	07750.wav	20
1	Tanker	Val	20160704-22/111311	00743.wav	17
1	Tanker	Val	20170516-108/201729	03639.wav	2
1	Tanker	Val	20180927-236/173410	08580.wav	4
1	Tanker	Val	20180421-194/025328	06939.wav	91
1	Tanker	Val	20160616-15/214515	00471.wav	66
1	Tanker	Val	20170507-103/213103	03372.wav	15
1	Tanker	Val	20170824-134/194518	04727.wav	2
1	Tanker	Val	20160617-16/225229	00587.wav	95
1	Tanker	Val	20180702-222/172918	08007.wav	33
1	Tanker	Val	20171230a-164/195035	05769.wav	54
1	Tanker	Val	20170712a-126/015656	04493.wav	6
1	Tanker	Val	20170704-122/145807	04153.wav	20
1	Tanker	Val	20180508-203/232237	07326.wav	3
1	Tanker	Val	20170124-75/085359	02490.wav	30
1	Tanker	Val	20160602a-10/10	00371.wav	3
1	Tanker	Val	20170209-80/040238	02637.wav	7
1	Tanker	Val	20160829-32/32	01286.wav	5
1	Tanker	Val	20170629-120/215813	04071.wav	44
1	Tanker	Val	20170711a-239/191933	04319.wav	22
1	Tanker	Val	20170828-136/215454	04781.wav	70
1	Tanker	Val	20170421-100/010738	03164.wav	52
1	Tanker	Val	20180629-220/001835	07909.wav	23
1	Tanker	Val	20170826-135/005931	04736.wav	8
1	Tanker	Val	20170419-98/021347	03118.wav	39
1	Tanker	Val	20180725b-229/233127	08388.wav	3
1	Tanker	Val	20180515a-207/224627	07454.wav	10
1	Tanker	Val	20160810-29/29	01199.wav	16
1	Tanker	Val	20180612-216/032309	07706.wav	4
1	Tanker	Val	20160704-22/111311	00744.wav	16
1	Tanker	Val	20170516-108/201729	03638.wav	4
1	Tanker	Val	20180927-236/173410	08583.wav	3
1	Tanker	Val	20180421-194/025328	06862.wav	108
1	Tanker	Val	20160616-15/214515	00481.wav	19
1	Tanker	Val	20170507-103/213103	03387.wav	20
1	Tanker	Val	20170824-134/194518	04725.wav	4
1	Tanker	Val	20160617-16/225229	00595.wav	58
1	Tanker	Val	20180702-222/172918	07994.wav	9
1	Tanker	Val	20171230a-164/195035	05765.wav	46
1	Tanker	Val	20170712a-126/015656	04496.wav	9
1	Tanker	Val	20170704-122/145807	04188.wav	57
1	Tanker	Val	20180508-203/232237	07327.wav	4
1	Tanker	Val	20170124-75/085359	02479.wav	109
1	Tanker	Val	20160602a-10/10	00374.wav	6
1	Tanker	Val	20170209-80/040238	02636.wav	5
1	Tanker	Val	20160829-32/32	01287.wav	4
1	Tanker	Val	20170629-120/215813	04099.wav	28
1	Tanker	Val	20170711a-239/191933	04329.wav	81
1	Tanker	Val	20170828-136/215454	04786.wav	61
1	Tanker	Val	20170421-100/010738	03217.wav	17
1	Tanker	Val	20180629-220/001835	07919.wav	57
1	Tanker	Val	20170826-135/005931	04730.wav	9
1	Tanker	Val	20170419-98/021347	03093.wav	65
1	Tanker	Val	20180725b-229/233127	08392.wav	7
1	Tanker	Val	20180515a-207/224627	07458.wav	2
1	Tanker	Val	20160810-29/29	01213.wav	12
1	Tanker	Val	20180612-216/032309	07763.wav	52
1	Tanker	Val	20160704-22/111311	00777.wav	19
1	Tanker	Val	20180421-194/025328	06842.wav	88
1	Tanker	Val	20160616-15/214515	00467.wav	32
1	Tanker	Val	20170507-103/213103	03377.wav	2
1	Tanker	Val	20160617-16/225229	00525.wav	43
1	Tanker	Val	20180702-222/172918	08021.wav	92
1	Tanker	Val	20171230a-164/195035	05755.wav	52
1	Tanker	Val	20170712a-126/015656	04491.wav	7
1	Tanker	Val	20170704-122/145807	04140.wav	15
1	Tanker	Val	20170124-75/085359	02487.wav	110
1	Tanker	Val	20160602a-10/10	00372.wav	5
1	Tanker	Val	20170209-80/040238	02635.wav	6
1	Tanker	Val	20160829-32/32	01284.wav	2
1	Tanker	Val	20170629-120/215813	04072.wav	33
1	Tanker	Val	20170711a-239/191933	04372.wav	13
1	Tanker	Val	20170828-136/215454	04813.wav	49
1	Tanker	Val	20170421-100/010738	03179.wav	64
1	Tanker	Val	20180629-220/001835	07889.wav	19
1	Tanker	Val	20170826-135/005931	04735.wav	4
1	Tanker	Val	20170419-98/021347	03137.wav	4
1	Tanker	Val	20180725b-229/233127	08389.wav	9
1	Tanker	Val	20180515a-207/224627	07452.wav	13
1	Tanker	Val	20160810-29/29	01200.wav	15
1	Tanker	Val	20180612-216/032309	07714.wav	33
1	Tanker	Val	20160704-22/111311	00757.wav	28
1	Tanker	Val	20180421-194/025328	06900.wav	24
1	Tanker	Val	20160616-15/214515	00464.wav	2
1	Tanker	Val	20170507-103/213103	03395.wav	22
1	Tanker	Val	20160617-16/225229	00546.wav	29
1	Tanker	Val	20180702-222/172918	07967.wav	81
1	Tanker	Val	20171230a-164/195035	05761.wav	39
1	Tanker	Val	20170712a-126/015656	04489.wav	4
1	Tanker	Val	20170704-122/145807	04174.wav	35
1	Tanker	Val	20170124-75/085359	02446.wav	42
1	Tanker	Val	20170209-80/040238	02639.wav	8
1	Tanker	Val	20160829-32/32	01289.wav	7
1	Tanker	Val	20170629-120/215813	04087.wav	18
1	Tanker	Val	20170711a-239/191933	04362.wav	67
1	Tanker	Val	20170828-136/215454	04770.wav	2
1	Tanker	Val	20170421-100/010738	03174.wav	56
3	Tug	Train	20171129-30/011700	04001.wav	98
3	Tug	Train	20171106-4/144640	00674.wav	128
3	Tug	Train	20171128-25/052238	03476.wav	83
3	Tug	Train	20171116-10/065145	01157.wav	59
3	Tug	Train	20171207b-47/114556	05841.wav	113
3	Tug	Train	20171120-17/034014	02179.wav	133
3	Tug	Train	20171201c-34/123228	04474.wav	52
3	Tug	Train	20171130a-31/211648	04145.wav	10
3	Tug	Train	20171120a-18/054508	02312.wav	19
3	Tug	Train	20171231a-70/215301	07980.wav	49
3	Tug	Train	20171105-2/052000	00193.wav	29
3	Tug	Train	20171221-61/114923	07139.wav	46
3	Tug	Train	20171104-1/200959	00022.wav	53
3	Tug	Train	20171226-65/043830	07438.wav	75
3	Tug	Train	20171128b-27/120847	03853.wav	91
3	Tug	Train	20171212a-50/094549	06019.wav	59
3	Tug	Train	20171118-12/082934	01556.wav	5
3	Tug	Train	20171127-23/065148	03116.wav	29
3	Tug	Train	20171207a-46/052942	05672.wav	23
3	Tug	Train	20171118c-15/185844	01900.wav	37
3	Tug	Train	20171223b-63/233721	07259.wav	48
3	Tug	Train	20171205-44/145246	05514.wav	4
3	Tug	Train	20171128a-26/103033	03752.wav	96
3	Tug	Train	20171203-39/032822	05063.wav	38
3	Tug	Train	20171202a-38/145149	04966.wav	34
3	Tug	Train	20171217-58/020446	06752.wav	73
3	Tug	Train	20171215-54/005343	06502.wav	75
3	Tug	Train	20171106a-5/162112	00739.wav	115
3	Tug	Train	20171219a-60/210546	07055.wav	151
3	Tug	Train	20171114-8/072235	01064.wav	117
3	Tug	Train	20171123-21/035104	02729.wav	54
3	Tug	Train	20171118d-16/234607	02098.wav	98
3	Tug	Train	20171230a-69/163503	07915.wav	17
3	Tug	Train	20171204a-43/081356	05440.wav	33
3	Tug	Train	20171201b-33/082249	04338.wav	98
3	Tug	Train	20171107a-6/095309	00874.wav	19
3	Tug	Train	20171111-7/025236	00900.wav	20
3	Tug	Train	20171229a-67/195709	07648.wav	54
3	Tug	Train	20171201-32/024235	04206.wav	72
3	Tug	Train	20171121-19/101117	02517.wav	71
3	Tug	Train	20171127a-24/105442	03229.wav	36
3	Tug	Train	20171207-45/004027	05590.wav	24
3	Tug	Train	20171217a-59/050224	06913.wav	119
3	Tug	Train	20171116a-11/221717	01376.wav	33
3	Tug	Train	20171214a-53/184639	06432.wav	36
3	Tug	Train	20171215e-56/170639	06701.wav	49
3	Tug	Train	20171213a-52/071716	06405.wav	55
3	Tug	Train	20171203a-40/40	05150.wav	15
3	Tug	Train	20171129-30/011700	04027.wav	113
3	Tug	Train	20171106-4/144640	00534.wav	169
3	Tug	Train	20171128-25/052238	03604.wav	146
3	Tug	Train	20171116-10/065145	01182.wav	83
3	Tug	Train	20171207b-47/114556	05800.wav	141
3	Tug	Train	20171120-17/034014	02141.wav	146
3	Tug	Train	20171201c-34/123228	04478.wav	76
3	Tug	Train	20171130a-31/211648	04108.wav	27
3	Tug	Train	20171120a-18/054508	02292.wav	73
3	Tug	Train	20171231a-70/215301	08008.wav	14
3	Tug	Train	20171105-2/052000	00176.wav	87
3	Tug	Train	20171221-61/114923	07145.wav	24
3	Tug	Train	20171104-1/200959	00017.wav	55
3	Tug	Train	20171226-65/043830	07496.wav	24
3	Tug	Train	20171128b-27/120847	03757.wav	85
3	Tug	Train	20171212a-50/094549	06028.wav	10
3	Tug	Train	20171118-12/082934	01564.wav	170
3	Tug	Train	20171127-23/065148	03093.wav	16
3	Tug	Train	20171207a-46/052942	05660.wav	47
3	Tug	Train	20171118c-15/185844	01918.wav	43
3	Tug	Train	20171223b-63/233721	07269.wav	29
3	Tug	Train	20171205-44/145246	05501.wav	74
3	Tug	Train	20171128a-26/103033	03671.wav	57
3	Tug	Train	20171203-39/032822	05076.wav	107
3	Tug	Train	20171202a-38/145149	04889.wav	3
3	Tug	Train	20171217-58/020446	06729.wav	107
3	Tug	Train	20171215-54/005343	06524.wav	8
3	Tug	Train	20171106a-5/162112	00733.wav	40
3	Tug	Train	20171219a-60/210546	07048.wav	20
3	Tug	Train	20171114-8/072235	00987.wav	120
3	Tug	Train	20171123-21/035104	02904.wav	65
3	Tug	Train	20171118d-16/234607	02097.wav	87
3	Tug	Train	20171230a-69/163503	07832.wav	22
3	Tug	Train	20171204a-43/081356	05368.wav	154
3	Tug	Train	20171201b-33/082249	04337.wav	106
3	Tug	Train	20171107a-6/095309	00850.wav	65
3	Tug	Train	20171111-7/025236	00936.wav	27
3	Tug	Train	20171229a-67/195709	07681.wav	11
3	Tug	Train	20171201-32/024235	04165.wav	101
3	Tug	Train	20171121-19/101117	02445.wav	59
3	Tug	Train	20171127a-24/105442	03363.wav	25
3	Tug	Train	20171207-45/004027	05577.wav	44
3	Tug	Train	20171217a-59/050224	06836.wav	55
3	Tug	Train	20171116a-11/221717	01358.wav	92
3	Tug	Train	20171214a-53/184639	06423.wav	37
3	Tug	Train	20171215e-56/170639	06676.wav	44
3	Tug	Train	20171213a-52/071716	06260.wav	62
3	Tug	Train	20171203a-40/40	05128.wav	12
3	Tug	Train	20171129-30/011700	03995.wav	107
3	Tug	Train	20171106-4/144640	00606.wav	196
3	Tug	Train	20171128-25/052238	03631.wav	18
3	Tug	Train	20171116-10/065145	01150.wav	56
3	Tug	Train	20171207b-47/114556	05759.wav	67
3	Tug	Train	20171120-17/034014	02218.wav	122
3	Tug	Train	20171201c-34/123228	04403.wav	11
3	Tug	Train	20171130a-31/211648	04114.wav	35
3	Tug	Train	20171120a-18/054508	02300.wav	13
3	Tug	Train	20171231a-70/215301	08003.wav	68
3	Tug	Train	20171105-2/052000	00159.wav	16
3	Tug	Train	20171221-61/114923	07125.wav	6
3	Tug	Train	20171104-1/200959	00001.wav	50
3	Tug	Train	20171226-65/043830	07500.wav	23
3	Tug	Train	20171128b-27/120847	03824.wav	56
3	Tug	Train	20171212a-50/094549	06049.wav	32
3	Tug	Train	20171118-12/082934	01481.wav	131
3	Tug	Train	20171127-23/065148	03101.wav	31
3	Tug	Train	20171207a-46/052942	05703.wav	44
3	Tug	Train	20171118c-15/185844	01879.wav	46
3	Tug	Train	20171223b-63/233721	07282.wav	30
3	Tug	Train	20171205-44/145246	05556.wav	33
3	Tug	Train	20171128a-26/103033	03730.wav	70
3	Tug	Train	20171203-39/032822	05061.wav	115
3	Tug	Train	20171202a-38/145149	04896.wav	27
3	Tug	Train	20171217-58/020446	06797.wav	48
3	Tug	Train	20171215-54/005343	06490.wav	45
3	Tug	Train	20171106a-5/162112	00746.wav	63
3	Tug	Train	20171219a-60/210546	06993.wav	79
3	Tug	Train	20171114-8/072235	01069.wav	71
3	Tug	Train	20171123-21/035104	02748.wav	134
3	Tug	Train	20171118d-16/234607	01954.wav	41
3	Tug	Train	20171230a-69/163503	07823.wav	121
3	Tug	Train	20171204a-43/081356	05352.wav	20
3	Tug	Train	20171201b-33/082249	04269.wav	105
3	Tug	Train	20171107a-6/095309	00821.wav	63
3	Tug	Train	20171111-7/025236	00970.wav	12
3	Tug	Train	20171229a-67/195709	07699.wav	68
3	Tug	Train	20171201-32/024235	04167.wav	8
3	Tug	Train	20171121-19/101117	02394.wav	17
3	Tug	Train	20171127a-24/105442	03216.wav	173
3	Tug	Train	20171207-45/004027	05625.wav	7
3	Tug	Train	20171217a-59/050224	06856.wav	27
3	Tug	Train	20171116a-11/221717	01366.wav	146
3	Tug	Train	20171214a-53/184639	06456.wav	4
3	Tug	Train	20171215e-56/170639	06677.wav	34
3	Tug	Train	20171213a-52/071716	06290.wav	9
3	Tug	Train	20171203a-40/40	05127.wav	38
3	Tug	Train	20171129-30/011700	04038.wav	112
3	Tug	Train	20171106-4/144640	00618.wav	121
3	Tug	Train	20171128-25/052238	03646.wav	130
3	Tug	Train	20171116-10/065145	01164.wav	79
3	Tug	Train	20171207b-47/114556	05821.wav	56
3	Tug	Train	20171120-17/034014	02230.wav	75
3	Tug	Train	20171201c-34/123228	04453.wav	94
3	Tug	Train	20171130a-31/211648	04126.wav	21
3	Tug	Train	20171120a-18/054508	02295.wav	72
3	Tug	Train	20171231a-70/215301	08030.wav	61
3	Tug	Train	20171105-2/052000	00135.wav	48
3	Tug	Train	20171221-61/114923	07157.wav	21
3	Tug	Train	20171104-1/200959	00122.wav	5
3	Tug	Train	20171226-65/043830	07460.wav	29
3	Tug	Train	20171128b-27/120847	03832.wav	68
3	Tug	Train	20171212a-50/094549	06059.wav	54
3	Tug	Train	20171118-12/082934	01498.wav	46
3	Tug	Train	20171127-23/065148	03115.wav	36
3	Tug	Train	20171207a-46/052942	05648.wav	20
3	Tug	Train	20171118c-15/185844	01908.wav	41
3	Tug	Train	20171223b-63/233721	07277.wav	7
3	Tug	Train	20171205-44/145246	05538.wav	46
3	Tug	Train	20171128a-26/103033	03715.wav	83
3	Tug	Train	20171203-39/032822	05002.wav	67
3	Tug	Train	20171202a-38/145149	04914.wav	102
3	Tug	Train	20171217-58/020446	06758.wav	74
3	Tug	Train	20171215-54/005343	06560.wav	54
3	Tug	Train	20171106a-5/162112	00732.wav	121
3	Tug	Train	20171219a-60/210546	07052.wav	58
3	Tug	Train	20171114-8/072235	00995.wav	84
3	Tug	Train	20171123-21/035104	02848.wav	223
3	Tug	Train	20171118d-16/234607	02048.wav	58
3	Tug	Train	20171230a-69/163503	07831.wav	52
3	Tug	Train	20171204a-43/081356	05400.wav	36
3	Tug	Train	20171201b-33/082249	04258.wav	28
3	Tug	Train	20171107a-6/095309	00873.wav	24
3	Tug	Train	20171111-7/025236	00927.wav	58
3	Tug	Train	20171229a-67/195709	07675.wav	12
3	Tug	Train	20171201-32/024235	04232.wav	87
3	Tug	Train	20171121-19/101117	02507.wav	186
3	Tug	Train	20171127a-24/105442	03442.wav	258
3	Tug	Train	20171207-45/004027	05573.wav	49
3	Tug	Train	20171217a-59/050224	06902.wav	111
3	Tug	Train	20171116a-11/221717	01387.wav	62
3	Tug	Train	20171214a-53/184639	06422.wav	3
3	Tug	Train	20171215e-56/170639	06693.wav	39
3	Tug	Train	20171213a-52/071716	06318.wav	109
3	Tug	Train	20171203a-40/40	05119.wav	4
3	Tug	Train	20171129-30/011700	04043.wav	15
3	Tug	Train	20171106-4/144640	00526.wav	190
3	Tug	Train	20171128-25/052238	03511.wav	163
3	Tug	Train	20171116-10/065145	01232.wav	32
3	Tug	Train	20171207b-47/114556	05744.wav	133
3	Tug	Train	20171120-17/034014	02158.wav	6
3	Tug	Train	20171201c-34/123228	04468.wav	72
3	Tug	Train	20171130a-31/211648	04121.wav	44
3	Tug	Train	20171120a-18/054508	02305.wav	17
3	Tug	Train	20171231a-70/215301	08082.wav	70
3	Tug	Train	20171105-2/052000	00182.wav	64
3	Tug	Train	20171221-61/114923	07122.wav	3
3	Tug	Train	20171104-1/200959	00039.wav	12
3	Tug	Train	20171226-65/043830	07424.wav	28
3	Tug	Train	20171128b-27/120847	03807.wav	89
3	Tug	Train	20171212a-50/094549	06036.wav	40
3	Tug	Train	20171118-12/082934	01418.wav	81
3	Tug	Train	20171127-23/065148	03096.wav	6
3	Tug	Train	20171207a-46/052942	05674.wav	25
3	Tug	Train	20171118c-15/185844	01942.wav	29
3	Tug	Train	20171223b-63/233721	07290.wav	45
3	Tug	Train	20171205-44/145246	05493.wav	52
3	Tug	Train	20171128a-26/103033	03740.wav	74
3	Tug	Train	20171203-39/032822	05004.wav	125
3	Tug	Train	20171202a-38/145149	04851.wav	151
3	Tug	Train	20171217-58/020446	06777.wav	31
3	Tug	Train	20171215-54/005343	06576.wav	17
3	Tug	Train	20171106a-5/162112	00804.wav	5
3	Tug	Train	20171219a-60/210546	07008.wav	83
3	Tug	Train	20171114-8/072235	01002.wav	36
3	Tug	Train	20171123-21/035104	02749.wav	206
3	Tug	Train	20171118d-16/234607	01986.wav	28
3	Tug	Train	20171230a-69/163503	07827.wav	169
3	Tug	Train	20171204a-43/081356	05482.wav	53
3	Tug	Train	20171201b-33/082249	04366.wav	24
3	Tug	Train	20171107a-6/095309	00827.wav	6
3	Tug	Train	20171111-7/025236	00950.wav	56
3	Tug	Train	20171229a-67/195709	07676.wav	42
3	Tug	Train	20171201-32/024235	04212.wav	83
3	Tug	Train	20171121-19/101117	02553.wav	129
3	Tug	Train	20171127a-24/105442	03273.wav	136
3	Tug	Train	20171207-45/004027	05633.wav	51
3	Tug	Train	20171217a-59/050224	06943.wav	83
3	Tug	Train	20171116a-11/221717	01371.wav	69
3	Tug	Train	20171214a-53/184639	06427.wav	30
3	Tug	Train	20171215e-56/170639	06681.wav	5
3	Tug	Train	20171213a-52/071716	06272.wav	139
3	Tug	Train	20171203a-40/40	05131.wav	39
3	Tug	Train	20171129-30/011700	04031.wav	14
3	Tug	Train	20171106-4/144640	00653.wav	194
3	Tug	Train	20171128-25/052238	03587.wav	17
3	Tug	Train	20171116-10/065145	01135.wav	37
3	Tug	Train	20171207b-47/114556	05836.wav	52
3	Tug	Train	20171120-17/034014	02223.wav	62
3	Tug	Train	20171201c-34/123228	04460.wav	16
3	Tug	Train	20171130a-31/211648	04127.wav	40
3	Tug	Train	20171120a-18/054508	02306.wav	78
3	Tug	Train	20171231a-70/215301	08080.wav	93
3	Tug	Train	20171105-2/052000	00350.wav	70
3	Tug	Train	20171221-61/114923	07136.wav	18
3	Tug	Train	20171104-1/200959	00072.wav	67
3	Tug	Train	20171226-65/043830	07421.wav	56
3	Tug	Train	20171128b-27/120847	03760.wav	32
3	Tug	Train	20171212a-50/094549	06068.wav	2
3	Tug	Train	20171118-12/082934	01504.wav	85
3	Tug	Train	20171127-23/065148	03121.wav	20
3	Tug	Train	20171207a-46/052942	05652.wav	22
3	Tug	Train	20171118c-15/185844	01939.wav	23
3	Tug	Train	20171223b-63/233721	07278.wav	13
3	Tug	Train	20171205-44/145246	05516.wav	47
3	Tug	Train	20171128a-26/103033	03694.wav	18
3	Tug	Train	20171203-39/032822	05046.wav	135
3	Tug	Train	20171202a-38/145149	04893.wav	42
3	Tug	Train	20171217-58/020446	06759.wav	99
3	Tug	Train	20171215-54/005343	06491.wav	60
3	Tug	Train	20171106a-5/162112	00731.wav	65
3	Tug	Train	20171219a-60/210546	07001.wav	152
3	Tug	Train	20171114-8/072235	01071.wav	42
3	Tug	Train	20171123-21/035104	02704.wav	166
3	Tug	Train	20171118d-16/234607	02046.wav	124
3	Tug	Train	20171230a-69/163503	07922.wav	90
3	Tug	Train	20171204a-43/081356	05473.wav	146
3	Tug	Train	20171201b-33/082249	04365.wav	19
3	Tug	Train	20171107a-6/095309	00891.wav	30
3	Tug	Train	20171111-7/025236	00945.wav	48
3	Tug	Train	20171229a-67/195709	07693.wav	19
3	Tug	Train	20171201-32/024235	04190.wav	58
3	Tug	Train	20171121-19/101117	02508.wav	147
3	Tug	Train	20171127a-24/105442	03291.wav	313
3	Tug	Train	20171207-45/004027	05612.wav	65
3	Tug	Train	20171217a-59/050224	06845.wav	34
3	Tug	Train	20171116a-11/221717	01381.wav	103
3	Tug	Train	20171214a-53/184639	06461.wav	19
3	Tug	Train	20171215e-56/170639	06691.wav	47
3	Tug	Train	20171213a-52/071716	06385.wav	144
3	Tug	Train	20171203a-40/40	05132.wav	7
3	Tug	Train	20171129-30/011700	04014.wav	16
3	Tug	Train	20171106-4/144640	00497.wav	145
3	Tug	Train	20171128-25/052238	03508.wav	117
3	Tug	Train	20171116-10/065145	01174.wav	103
3	Tug	Train	20171207b-47/114556	05778.wav	81
3	Tug	Train	20171120-17/034014	02181.wav	16
3	Tug	Train	20171201c-34/123228	04409.wav	23
3	Tug	Train	20171130a-31/211648	04086.wav	58
3	Tug	Train	20171120a-18/054508	02342.wav	61
3	Tug	Train	20171231a-70/215301	08032.wav	90
3	Tug	Train	20171105-2/052000	00197.wav	219
3	Tug	Train	20171221-61/114923	07150.wav	43
3	Tug	Train	20171104-1/200959	00015.wav	18
3	Tug	Train	20171226-65/043830	07436.wav	79
3	Tug	Train	20171128b-27/120847	03808.wav	71
3	Tug	Train	20171212a-50/094549	06010.wav	7
3	Tug	Train	20171118-12/082934	01422.wav	172
3	Tug	Train	20171127-23/065148	03119.wav	10
3	Tug	Train	20171207a-46/052942	05642.wav	30
3	Tug	Train	20171118c-15/185844	01921.wav	16
3	Tug	Train	20171223b-63/233721	07297.wav	4
3	Tug	Train	20171205-44/145246	05548.wav	72
3	Tug	Train	20171128a-26/103033	03732.wav	3
3	Tug	Train	20171203-39/032822	05035.wav	3
3	Tug	Train	20171202a-38/145149	04964.wav	37
3	Tug	Train	20171217-58/020446	06832.wav	33
3	Tug	Train	20171215-54/005343	06554.wav	35
3	Tug	Train	20171106a-5/162112	00756.wav	103
3	Tug	Train	20171219a-60/210546	06979.wav	45
3	Tug	Train	20171114-8/072235	01045.wav	111
3	Tug	Train	20171123-21/035104	02864.wav	40
3	Tug	Train	20171118d-16/234607	01984.wav	20
3	Tug	Train	20171230a-69/163503	07821.wav	103
3	Tug	Train	20171204a-43/081356	05464.wav	84
3	Tug	Train	20171201b-33/082249	04301.wav	18
3	Tug	Train	20171107a-6/095309	00839.wav	32
3	Tug	Train	20171111-7/025236	00920.wav	7
3	Tug	Train	20171229a-67/195709	07671.wav	28
3	Tug	Train	20171201-32/024235	04173.wav	6
3	Tug	Train	20171121-19/101117	02501.wav	116
3	Tug	Train	20171127a-24/105442	03313.wav	57
3	Tug	Train	20171207-45/004027	05595.wav	40
3	Tug	Train	20171217a-59/050224	06853.wav	108
3	Tug	Train	20171116a-11/221717	01288.wav	135
3	Tug	Train	20171214a-53/184639	06447.wav	9
3	Tug	Train	20171215e-56/170639	06718.wav	14
3	Tug	Train	20171213a-52/071716	06278.wav	52
3	Tug	Train	20171203a-40/40	05142.wav	25
3	Tug	Train	20171129-30/011700	04004.wav	94
3	Tug	Train	20171106-4/144640	00598.wav	185
3	Tug	Train	20171128-25/052238	03615.wav	144
3	Tug	Train	20171116-10/065145	01161.wav	35
3	Tug	Train	20171207b-47/114556	05767.wav	112
3	Tug	Train	20171120-17/034014	02146.wav	111
3	Tug	Train	20171201c-34/123228	04375.wav	75
3	Tug	Train	20171130a-31/211648	04146.wav	57
3	Tug	Train	20171120a-18/054508	02333.wav	26
3	Tug	Train	20171231a-70/215301	08061.wav	18
3	Tug	Train	20171105-2/052000	00278.wav	37
3	Tug	Train	20171221-61/114923	07130.wav	27
3	Tug	Train	20171104-1/200959	00003.wav	28
3	Tug	Train	20171226-65/043830	07491.wav	72
3	Tug	Train	20171128b-27/120847	03792.wav	4
3	Tug	Train	20171212a-50/094549	06042.wav	53
3	Tug	Train	20171118-12/082934	01507.wav	68
3	Tug	Train	20171127-23/065148	03075.wav	33
3	Tug	Train	20171207a-46/052942	05682.wav	66
3	Tug	Train	20171118c-15/185844	01912.wav	21
3	Tug	Train	20171223b-63/233721	07275.wav	27
3	Tug	Train	20171205-44/145246	05569.wav	9
3	Tug	Train	20171128a-26/103033	03684.wav	61
3	Tug	Train	20171203-39/032822	05086.wav	60
3	Tug	Train	20171202a-38/145149	04886.wav	139
3	Tug	Train	20171217-58/020446	06779.wav	90
3	Tug	Train	20171215-54/005343	06558.wav	26
3	Tug	Train	20171106a-5/162112	00768.wav	108
3	Tug	Train	20171219a-60/210546	07006.wav	76
3	Tug	Train	20171114-8/072235	01004.wav	76
3	Tug	Train	20171123-21/035104	02788.wav	215
3	Tug	Train	20171118d-16/234607	02074.wav	161
3	Tug	Train	20171230a-69/163503	07931.wav	6
3	Tug	Train	20171204a-43/081356	05413.wav	85
3	Tug	Train	20171201b-33/082249	04302.wav	109
3	Tug	Train	20171107a-6/095309	00893.wav	69
3	Tug	Train	20171111-7/025236	00955.wav	26
3	Tug	Train	20171229a-67/195709	07677.wav	5
3	Tug	Train	20171201-32/024235	04210.wav	9
3	Tug	Train	20171121-19/101117	02514.wav	191
3	Tug	Train	20171127a-24/105442	03351.wav	222
3	Tug	Train	20171207-45/004027	05600.wav	13
3	Tug	Train	20171217a-59/050224	06863.wav	48
3	Tug	Train	20171116a-11/221717	01251.wav	55
3	Tug	Train	20171214a-53/184639	06440.wav	38
3	Tug	Train	20171215e-56/170639	06686.wav	35
3	Tug	Train	20171213a-52/071716	06328.wav	61
3	Tug	Train	20171203a-40/40	05122.wav	19
3	Tug	Train	20171129-30/011700	03973.wav	106
3	Tug	Train	20171106-4/144640	00585.wav	21
3	Tug	Train	20171128-25/052238	03551.wav	84
3	Tug	Train	20171116-10/065145	01172.wav	41
3	Tug	Train	20171207b-47/114556	05832.wav	92
3	Tug	Train	20171120-17/034014	02167.wav	87
3	Tug	Train	20171201c-34/123228	04413.wav	27
3	Tug	Train	20171130a-31/211648	04136.wav	3
3	Tug	Train	20171120a-18/054508	02337.wav	66
3	Tug	Train	20171231a-70/215301	08006.wav	7
3	Tug	Train	20171105-2/052000	00140.wav	31
3	Tug	Train	20171221-61/114923	07159.wav	10
3	Tug	Train	20171104-1/200959	00112.wav	35
3	Tug	Train	20171226-65/043830	07487.wav	55
3	Tug	Train	20171128b-27/120847	03790.wav	52
3	Tug	Train	20171212a-50/094549	06061.wav	5
3	Tug	Train	20171118-12/082934	01487.wav	167
3	Tug	Train	20171127-23/065148	03103.wav	46
3	Tug	Train	20171207a-46/052942	05671.wav	65
3	Tug	Train	20171118c-15/185844	01917.wav	10
3	Tug	Train	20171223b-63/233721	07293.wav	41
3	Tug	Train	20171205-44/145246	05499.wav	19
3	Tug	Train	20171128a-26/103033	03687.wav	4
3	Tug	Train	20171203-39/032822	05085.wav	45
3	Tug	Train	20171202a-38/145149	04950.wav	84
3	Tug	Train	20171217-58/020446	06745.wav	45
3	Tug	Train	20171215-54/005343	06523.wav	93
3	Tug	Train	20171106a-5/162112	00719.wav	101
3	Tug	Train	20171219a-60/210546	07110.wav	117
3	Tug	Train	20171114-8/072235	01044.wav	59
3	Tug	Train	20171123-21/035104	02799.wav	93
3	Tug	Train	20171118d-16/234607	01981.wav	157
3	Tug	Train	20171230a-69/163503	07808.wav	112
3	Tug	Train	20171204a-43/081356	05432.wav	128
3	Tug	Train	20171201b-33/082249	04346.wav	33
3	Tug	Train	20171107a-6/095309	00823.wav	18
3	Tug	Train	20171111-7/025236	00949.wav	34
3	Tug	Train	20171229a-67/195709	07653.wav	44
3	Tug	Train	20171201-32/024235	04179.wav	82
3	Tug	Train	20171121-19/101117	02544.wav	154
3	Tug	Train	20171127a-24/105442	03131.wav	287
3	Tug	Train	20171207-45/004027	05597.wav	56
3	Tug	Train	20171217a-59/050224	06930.wav	98
3	Tug	Train	20171116a-11/221717	01333.wav	121
3	Tug	Train	20171214a-53/184639	06442.wav	20
3	Tug	Train	20171215e-56/170639	06721.wav	22
3	Tug	Train	20171213a-52/071716	06358.wav	172
3	Tug	Train	20171203a-40/40	05123.wav	24
3	Tug	Train	20171129-30/011700	04081.wav	74
3	Tug	Train	20171106-4/144640	00543.wav	178
3	Tug	Train	20171128-25/052238	03490.wav	133
3	Tug	Train	20171116-10/065145	01235.wav	4
3	Tug	Train	20171207b-47/114556	05768.wav	29
3	Tug	Train	20171120-17/034014	02148.wav	28
3	Tug	Train	20171201c-34/123228	04393.wav	89
3	Tug	Train	20171130a-31/211648	04087.wav	17
3	Tug	Train	20171120a-18/054508	02340.wav	8
3	Tug	Train	20171231a-70/215301	08062.wav	4
3	Tug	Train	20171105-2/052000	00238.wav	173
3	Tug	Train	20171221-61/114923	07141.wav	2
3	Tug	Train	20171104-1/200959	00026.wav	57
3	Tug	Train	20171226-65/043830	07469.wav	32
3	Tug	Train	20171128b-27/120847	03849.wav	63
3	Tug	Train	20171212a-50/094549	06057.wav	48
3	Tug	Train	20171118-12/082934	01482.wav	100
3	Tug	Train	20171127-23/065148	03095.wav	15
3	Tug	Train	20171207a-46/052942	05651.wav	45
3	Tug	Train	20171118c-15/185844	01873.wav	34
3	Tug	Train	20171223b-63/233721	07260.wav	38
3	Tug	Train	20171205-44/145246	05509.wav	51
3	Tug	Train	20171128a-26/103033	03692.wav	37
3	Tug	Train	20171203-39/032822	05001.wav	4
3	Tug	Train	20171202a-38/145149	04953.wav	118
3	Tug	Train	20171217-58/020446	06788.wav	102
3	Tug	Train	20171215-54/005343	06598.wav	122
3	Tug	Train	20171106a-5/162112	00749.wav	93
3	Tug	Train	20171219a-60/210546	07038.wav	132
3	Tug	Train	20171114-8/072235	01007.wav	8
3	Tug	Train	20171123-21/035104	02882.wav	84
3	Tug	Train	20171118d-16/234607	02106.wav	111
3	Tug	Train	20171230a-69/163503	07843.wav	130
3	Tug	Train	20171204a-43/081356	05377.wav	147
3	Tug	Train	20171201b-33/082249	04344.wav	60
3	Tug	Train	20171107a-6/095309	00892.wav	73
3	Tug	Train	20171111-7/025236	00906.wav	24
3	Tug	Train	20171229a-67/195709	07703.wav	14
3	Tug	Train	20171201-32/024235	04215.wav	86
3	Tug	Train	20171121-19/101117	02480.wav	27
3	Tug	Train	20171127a-24/105442	03289.wav	26
3	Tug	Train	20171207-45/004027	05574.wav	61
3	Tug	Train	20171217a-59/050224	06925.wav	52
3	Tug	Train	20171116a-11/221717	01246.wav	53
3	Tug	Train	20171214a-53/184639	06453.wav	10
3	Tug	Train	20171215e-56/170639	06670.wav	33
3	Tug	Train	20171213a-52/071716	06273.wav	94
3	Tug	Train	20171203a-40/40	05129.wav	31
3	Tug	Train	20171129-30/011700	03988.wav	78
3	Tug	Train	20171106-4/144640	00539.wav	156
3	Tug	Train	20171128-25/052238	03585.wav	87
3	Tug	Train	20171116-10/065145	01179.wav	92
3	Tug	Train	20171207b-47/114556	05781.wav	42
3	Tug	Train	20171120-17/034014	02253.wav	86
3	Tug	Train	20171201c-34/123228	04383.wav	5
3	Tug	Train	20171130a-31/211648	04131.wav	45
3	Tug	Train	20171120a-18/054508	02283.wav	75
3	Tug	Train	20171231a-70/215301	08034.wav	44
3	Tug	Train	20171105-2/052000	00129.wav	199
3	Tug	Train	20171221-61/114923	07119.wav	39
3	Tug	Train	20171104-1/200959	00035.wav	114
3	Tug	Train	20171226-65/043830	07482.wav	43
3	Tug	Train	20171128b-27/120847	03855.wav	13
3	Tug	Train	20171212a-50/094549	06018.wav	23
3	Tug	Train	20171118-12/082934	01543.wav	64
3	Tug	Train	20171127-23/065148	03092.wav	54
3	Tug	Train	20171207a-46/052942	05701.wav	3
3	Tug	Train	20171118c-15/185844	01931.wav	75
3	Tug	Train	20171223b-63/233721	07263.wav	53
3	Tug	Train	20171205-44/145246	05539.wav	63
3	Tug	Train	20171128a-26/103033	03734.wav	14
3	Tug	Train	20171203-39/032822	05111.wav	117
3	Tug	Train	20171202a-38/145149	04908.wav	48
3	Tug	Train	20171217-58/020446	06805.wav	89
3	Tug	Train	20171215-54/005343	06482.wav	132
3	Tug	Train	20171106a-5/162112	00799.wav	16
3	Tug	Train	20171219a-60/210546	06978.wav	127
3	Tug	Train	20171114-8/072235	01067.wav	79
3	Tug	Train	20171123-21/035104	02719.wav	127
3	Tug	Train	20171118d-16/234607	02084.wav	95
3	Tug	Train	20171230a-69/163503	07851.wav	110
3	Tug	Train	20171204a-43/081356	05383.wav	6
3	Tug	Train	20171201b-33/082249	04364.wav	29
3	Tug	Train	20171107a-6/095309	00876.wav	13
3	Tug	Train	20171111-7/025236	00929.wav	11
3	Tug	Train	20171229a-67/195709	07688.wav	18
3	Tug	Train	20171201-32/024235	04194.wav	34
3	Tug	Train	20171121-19/101117	02444.wav	198
3	Tug	Train	20171127a-24/105442	03317.wav	250
3	Tug	Train	20171207-45/004027	05576.wav	45
3	Tug	Train	20171217a-59/050224	06834.wav	94
3	Tug	Train	20171116a-11/221717	01331.wav	50
3	Tug	Train	20171214a-53/184639	06431.wav	34
3	Tug	Train	20171215e-56/170639	06711.wav	43
3	Tug	Train	20171213a-52/071716	06340.wav	31
3	Tug	Train	20171203a-40/40	05148.wav	9
3	Tug	Train	20171129-30/011700	04074.wav	56
3	Tug	Train	20171106-4/144640	00643.wav	199
3	Tug	Train	20171128-25/052238	03518.wav	76
3	Tug	Train	20171116-10/065145	01212.wav	23
3	Tug	Train	20171207b-47/114556	05762.wav	4
3	Tug	Train	20171120-17/034014	02208.wav	3
3	Tug	Train	20171201c-34/123228	04376.wav	33
3	Tug	Train	20171130a-31/211648	04107.wav	13
3	Tug	Train	20171120a-18/054508	02288.wav	40
3	Tug	Train	20171231a-70/215301	08056.wav	48
3	Tug	Train	20171105-2/052000	00204.wav	45
3	Tug	Train	20171221-61/114923	07156.wav	16
3	Tug	Train	20171104-1/200959	00042.wav	73
3	Tug	Train	20171226-65/043830	07451.wav	69
3	Tug	Train	20171128b-27/120847	03817.wav	61
3	Tug	Train	20171212a-50/094549	06033.wav	24
3	Tug	Train	20171118-12/082934	01409.wav	145
3	Tug	Train	20171127-23/065148	03088.wav	5
3	Tug	Train	20171207a-46/052942	05669.wav	52
3	Tug	Train	20171118c-15/185844	01896.wav	76
3	Tug	Train	20171223b-63/233721	07286.wav	9
3	Tug	Train	20171205-44/145246	05527.wav	15
3	Tug	Train	20171128a-26/103033	03663.wav	46
3	Tug	Train	20171203-39/032822	05075.wav	23
3	Tug	Train	20171202a-38/145149	04818.wav	41
3	Tug	Train	20171217-58/020446	06785.wav	94
3	Tug	Train	20171215-54/005343	06476.wav	114
3	Tug	Train	20171106a-5/162112	00734.wav	56
3	Tug	Train	20171219a-60/210546	06984.wav	39
3	Tug	Train	20171114-8/072235	00999.wav	54
3	Tug	Train	20171123-21/035104	02838.wav	239
3	Tug	Train	20171118d-16/234607	02037.wav	81
3	Tug	Train	20171230a-69/163503	07933.wav	48
3	Tug	Train	20171204a-43/081356	05355.wav	126
3	Tug	Train	20171201b-33/082249	04367.wav	94
3	Tug	Train	20171107a-6/095309	00863.wav	3
3	Tug	Train	20171111-7/025236	00967.wav	49
3	Tug	Train	20171229a-67/195709	07679.wav	30
3	Tug	Train	20171201-32/024235	04155.wav	35
3	Tug	Train	20171121-19/101117	02350.wav	48
3	Tug	Train	20171127a-24/105442	03189.wav	90
3	Tug	Train	20171207-45/004027	05618.wav	19
3	Tug	Train	20171217a-59/050224	06862.wav	28
3	Tug	Train	20171116a-11/221717	01244.wav	67
3	Tug	Train	20171214a-53/184639	06451.wav	6
3	Tug	Train	20171215e-56/170639	06682.wav	50
3	Tug	Train	20171213a-52/071716	06355.wav	153
3	Tug	Train	20171203a-40/40	05137.wav	2
3	Tug	Train	20171129-30/011700	04029.wav	44
3	Tug	Train	20171106-4/144640	00512.wav	8
3	Tug	Train	20171128-25/052238	03519.wav	56
3	Tug	Train	20171116-10/065145	01222.wav	64
3	Tug	Train	20171207b-47/114556	05732.wav	104
3	Tug	Train	20171120-17/034014	02226.wav	102
3	Tug	Train	20171201c-34/123228	04406.wav	98
3	Tug	Train	20171130a-31/211648	04144.wav	39
3	Tug	Train	20171120a-18/054508	02308.wav	59
3	Tug	Train	20171231a-70/215301	08043.wav	26
3	Tug	Train	20171105-2/052000	00349.wav	190
3	Tug	Train	20171221-61/114923	07115.wav	36
3	Tug	Train	20171104-1/200959	00054.wav	108
3	Tug	Train	20171226-65/043830	07475.wav	5
3	Tug	Train	20171128b-27/120847	03846.wav	30
3	Tug	Train	20171212a-50/094549	06027.wav	63
3	Tug	Train	20171118-12/082934	01565.wav	152
3	Tug	Train	20171127-23/065148	03065.wav	26
3	Tug	Train	20171207a-46/052942	05689.wav	17
3	Tug	Train	20171118c-15/185844	01889.wav	19
3	Tug	Train	20171223b-63/233721	07270.wav	23
3	Tug	Train	20171205-44/145246	05550.wav	76
3	Tug	Train	20171128a-26/103033	03683.wav	6
3	Tug	Train	20171203-39/032822	05100.wav	109
3	Tug	Train	20171202a-38/145149	04944.wav	92
3	Tug	Train	20171217-58/020446	06773.wav	50
3	Tug	Train	20171215-54/005343	06526.wav	116
3	Tug	Train	20171106a-5/162112	00714.wav	29
3	Tug	Train	20171219a-60/210546	07065.wav	96
3	Tug	Train	20171114-8/072235	00993.wav	68
3	Tug	Train	20171123-21/035104	02906.wav	209
3	Tug	Train	20171118d-16/234607	02122.wav	114
3	Tug	Train	20171230a-69/163503	07918.wav	100
3	Tug	Train	20171204a-43/081356	05459.wav	51
3	Tug	Train	20171201b-33/082249	04280.wav	77
3	Tug	Train	20171107a-6/095309	00867.wav	35
3	Tug	Train	20171111-7/025236	00910.wav	64
3	Tug	Train	20171229a-67/195709	07692.wav	20
3	Tug	Train	20171201-32/024235	04181.wav	71
3	Tug	Train	20171121-19/101117	02522.wav	118
3	Tug	Train	20171127a-24/105442	03264.wav	283
3	Tug	Train	20171207-45/004027	05615.wav	27
3	Tug	Train	20171217a-59/050224	06857.wav	99
3	Tug	Train	20171116a-11/221717	01367.wav	94
3	Tug	Train	20171214a-53/184639	06420.wav	47
3	Tug	Train	20171215e-56/170639	06716.wav	24
3	Tug	Train	20171213a-52/071716	06406.wav	3
3	Tug	Train	20171203a-40/40	05120.wav	17
3	Tug	Train	20171129-30/011700	03994.wav	54
3	Tug	Train	20171106-4/144640	00590.wav	114
3	Tug	Train	20171128-25/052238	03572.wav	121
3	Tug	Train	20171116-10/065145	01170.wav	84
3	Tug	Train	20171207b-47/114556	05816.wav	106
3	Tug	Train	20171120-17/034014	02248.wav	50
3	Tug	Train	20171201c-34/123228	04422.wav	88
3	Tug	Train	20171130a-31/211648	04134.wav	37
3	Tug	Train	20171120a-18/054508	02294.wav	53
3	Tug	Train	20171231a-70/215301	08013.wav	103
3	Tug	Train	20171105-2/052000	00220.wav	85
3	Tug	Train	20171221-61/114923	07135.wav	34
3	Tug	Train	20171104-1/200959	00067.wav	79
3	Tug	Train	20171226-65/043830	07431.wav	45
3	Tug	Train	20171128b-27/120847	03844.wav	3
3	Tug	Train	20171212a-50/094549	06035.wav	64
3	Tug	Train	20171118-12/082934	01537.wav	178
3	Tug	Train	20171127-23/065148	03099.wav	32
3	Tug	Train	20171207a-46/052942	05643.wav	46
3	Tug	Train	20171118c-15/185844	01902.wav	62
3	Tug	Train	20171223b-63/233721	07264.wav	43
3	Tug	Train	20171205-44/145246	05494.wav	17
3	Tug	Train	20171128a-26/103033	03677.wav	8
3	Tug	Train	20171203-39/032822	04997.wav	51
3	Tug	Train	20171202a-38/145149	04861.wav	44
3	Tug	Train	20171217-58/020446	06806.wav	20
3	Tug	Train	20171215-54/005343	06599.wav	125
3	Tug	Train	20171106a-5/162112	00709.wav	109
3	Tug	Train	20171219a-60/210546	07086.wav	106
3	Tug	Train	20171114-8/072235	00981.wav	12
3	Tug	Train	20171123-21/035104	02826.wav	152
3	Tug	Train	20171118d-16/234607	02052.wav	84
3	Tug	Train	20171230a-69/163503	07878.wav	68
3	Tug	Train	20171204a-43/081356	05414.wav	116
3	Tug	Train	20171201b-33/082249	04355.wav	72
3	Tug	Train	20171107a-6/095309	00845.wav	42
3	Tug	Train	20171111-7/025236	00964.wav	68
3	Tug	Train	20171229a-67/195709	07637.wav	23
3	Tug	Train	20171201-32/024235	04234.wav	44
3	Tug	Train	20171121-19/101117	02530.wav	86
3	Tug	Train	20171127a-24/105442	03418.wav	70
3	Tug	Train	20171207-45/004027	05610.wav	5
3	Tug	Train	20171217a-59/050224	06952.wav	92
3	Tug	Train	20171116a-11/221717	01341.wav	107
3	Tug	Train	20171214a-53/184639	06419.wav	5
3	Tug	Train	20171215e-56/170639	06717.wav	48
3	Tug	Train	20171213a-52/071716	06382.wav	15
3	Tug	Train	20171203a-40/40	05124.wav	33
3	Tug	Train	20171129-30/011700	03992.wav	41
3	Tug	Train	20171106-4/144640	00547.wav	80
3	Tug	Train	20171128-25/052238	03609.wav	77
3	Tug	Train	20171116-10/065145	01190.wav	47
3	Tug	Train	20171207b-47/114556	05743.wav	59
3	Tug	Train	20171120-17/034014	02237.wav	128
3	Tug	Train	20171201c-34/123228	04411.wav	65
3	Tug	Train	20171130a-31/211648	04139.wav	12
3	Tug	Train	20171120a-18/054508	02271.wav	37
3	Tug	Train	20171231a-70/215301	07992.wav	25
3	Tug	Train	20171105-2/052000	00312.wav	208
3	Tug	Train	20171221-61/114923	07148.wav	11
3	Tug	Train	20171104-1/200959	00013.wav	33
3	Tug	Train	20171226-65/043830	07483.wav	71
3	Tug	Train	20171128b-27/120847	03811.wav	37
3	Tug	Train	20171212a-50/094549	06064.wav	52
3	Tug	Train	20171118-12/082934	01420.wav	71
3	Tug	Train	20171127-23/065148	03069.wav	18
3	Tug	Train	20171207a-46/052942	05696.wav	37
3	Tug	Train	20171118c-15/185844	01870.wav	78
3	Tug	Train	20171223b-63/233721	07279.wav	17
3	Tug	Train	20171205-44/145246	05549.wav	61
3	Tug	Train	20171128a-26/103033	03698.wav	73
3	Tug	Train	20171203-39/032822	05026.wav	26
3	Tug	Train	20171202a-38/145149	04958.wav	69
3	Tug	Train	20171217-58/020446	06749.wav	9
3	Tug	Train	20171215-54/005343	06513.wav	38
3	Tug	Train	20171106a-5/162112	00776.wav	124
3	Tug	Test	20171203c-41/194116	05202.wav	27
3	Tug	Test	20171227a-66/110853	07502.wav	58
3	Tug	Test	20171128d-29/193239	03928.wav	9
3	Tug	Test	20171118a-13/141340	01576.wav	96
3	Tug	Test	20171229b-68/200347	07794.wav	18
3	Tug	Test	20171201d-35/125826	04556.wav	18
3	Tug	Test	20171202-37/071515	04761.wav	63
3	Tug	Test	20171213-51/065742	06114.wav	18
3	Tug	Test	20171204-42/034437	05280.wav	21
3	Tug	Test	20171118b-14/161506	01774.wav	154
3	Tug	Test	20171115-9/9	01132.wav	31
3	Tug	Test	20171203c-41/194116	05261.wav	28
3	Tug	Test	20171227a-66/110853	07529.wav	57
3	Tug	Test	20171128d-29/193239	03949.wav	35
3	Tug	Test	20171118a-13/141340	01655.wav	61
3	Tug	Test	20171229b-68/200347	07718.wav	71
3	Tug	Test	20171201d-35/125826	04599.wav	119
3	Tug	Test	20171202-37/071515	04785.wav	57
3	Tug	Test	20171213-51/065742	06108.wav	167
3	Tug	Test	20171204-42/034437	05333.wav	28
3	Tug	Test	20171118b-14/161506	01773.wav	32
3	Tug	Test	20171115-9/9	01093.wav	4
3	Tug	Test	20171203c-41/194116	05225.wav	67
3	Tug	Test	20171227a-66/110853	07620.wav	55
3	Tug	Test	20171128d-29/193239	03959.wav	32
3	Tug	Test	20171118a-13/141340	01670.wav	33
3	Tug	Test	20171229b-68/200347	07758.wav	5
3	Tug	Test	20171201d-35/125826	04506.wav	70
3	Tug	Test	20171202-37/071515	04773.wav	49
3	Tug	Test	20171213-51/065742	06155.wav	31
3	Tug	Test	20171204-42/034437	05299.wav	29
3	Tug	Test	20171118b-14/161506	01837.wav	129
3	Tug	Test	20171115-9/9	01111.wav	20
3	Tug	Test	20171203c-41/194116	05249.wav	114
3	Tug	Test	20171227a-66/110853	07569.wav	93
3	Tug	Test	20171128d-29/193239	03968.wav	20
3	Tug	Test	20171118a-13/141340	01603.wav	7
3	Tug	Test	20171229b-68/200347	07716.wav	82
3	Tug	Test	20171201d-35/125826	04553.wav	41
3	Tug	Test	20171202-37/071515	04780.wav	35
3	Tug	Test	20171213-51/065742	06088.wav	21
3	Tug	Test	20171204-42/034437	05298.wav	19
3	Tug	Test	20171118b-14/161506	01731.wav	118
3	Tug	Test	20171115-9/9	01095.wav	34
3	Tug	Test	20171203c-41/194116	05245.wav	8
3	Tug	Test	20171227a-66/110853	07533.wav	50
3	Tug	Test	20171128d-29/193239	03943.wav	2
3	Tug	Test	20171118a-13/141340	01641.wav	87
3	Tug	Test	20171229b-68/200347	07770.wav	26
3	Tug	Test	20171201d-35/125826	04489.wav	17
3	Tug	Test	20171202-37/071515	04756.wav	54
3	Tug	Test	20171213-51/065742	06138.wav	89
3	Tug	Test	20171204-42/034437	05286.wav	45
3	Tug	Test	20171118b-14/161506	01729.wav	127
3	Tug	Test	20171115-9/9	01100.wav	2
3	Tug	Test	20171203c-41/194116	05224.wav	31
3	Tug	Test	20171227a-66/110853	07619.wav	19
3	Tug	Test	20171128d-29/193239	03941.wav	3
3	Tug	Test	20171118a-13/141340	01675.wav	107
3	Tug	Test	20171229b-68/200347	07742.wav	81
3	Tug	Test	20171201d-35/125826	04594.wav	43
3	Tug	Test	20171202-37/071515	04801.wav	25
3	Tug	Test	20171213-51/065742	06083.wav	76
3	Tug	Test	20171204-42/034437	05323.wav	2
3	Tug	Test	20171118b-14/161506	01817.wav	160
3	Tug	Test	20171115-9/9	01097.wav	32
3	Tug	Test	20171203c-41/194116	05259.wav	110
3	Tug	Test	20171227a-66/110853	07571.wav	7
3	Tug	Test	20171128d-29/193239	03940.wav	45
3	Tug	Test	20171118a-13/141340	01631.wav	58
3	Tug	Test	20171229b-68/200347	07761.wav	9
3	Tug	Test	20171201d-35/125826	04578.wav	102
3	Tug	Test	20171202-37/071515	04744.wav	30
3	Tug	Test	20171213-51/065742	06140.wav	17
3	Tug	Test	20171204-42/034437	05330.wav	36
3	Tug	Test	20171118b-14/161506	01820.wav	88
3	Tug	Test	20171115-9/9	01112.wav	36
3	Tug	Test	20171203c-41/194116	05194.wav	78
3	Tug	Test	20171227a-66/110853	07599.wav	63
3	Tug	Test	20171128d-29/193239	03927.wav	4
3	Tug	Test	20171118a-13/141340	01602.wav	127
3	Tug	Test	20171229b-68/200347	07729.wav	32
3	Tug	Test	20171201d-35/125826	04486.wav	107
3	Tug	Test	20171202-37/071515	04781.wav	8
3	Tug	Test	20171213-51/065742	06229.wav	122
3	Tug	Test	20171204-42/034437	05326.wav	16
3	Tug	Test	20171118b-14/161506	01813.wav	76
3	Tug	Test	20171115-9/9	01129.wav	19
3	Tug	Test	20171203c-41/194116	05219.wav	98
3	Tug	Test	20171227a-66/110853	07600.wav	27
3	Tug	Test	20171128d-29/193239	03960.wav	17
3	Tug	Test	20171118a-13/141340	01685.wav	125
3	Tug	Test	20171229b-68/200347	07735.wav	37
3	Tug	Test	20171201d-35/125826	04559.wav	122
3	Tug	Test	20171202-37/071515	04769.wav	39
3	Tug	Test	20171213-51/065742	06242.wav	153
3	Tug	Test	20171204-42/034437	05291.wav	8
3	Tug	Test	20171118b-14/161506	01720.wav	119
3	Tug	Test	20171115-9/9	01119.wav	5
3	Tug	Test	20171203c-41/194116	05155.wav	73
3	Tug	Test	20171227a-66/110853	07583.wav	10
3	Tug	Test	20171128d-29/193239	03933.wav	21
3	Tug	Test	20171118a-13/141340	01702.wav	60
3	Tug	Test	20171229b-68/200347	07711.wav	99
3	Tug	Test	20171201d-35/125826	04605.wav	67
3	Tug	Test	20171202-37/071515	04802.wav	6
3	Tug	Test	20171213-51/065742	06187.wav	131
3	Tug	Test	20171204-42/034437	05282.wav	56
3	Tug	Test	20171118b-14/161506	01749.wav	75
3	Tug	Test	20171115-9/9	01114.wav	28
3	Tug	Test	20171203c-41/194116	05223.wav	116
3	Tug	Test	20171227a-66/110853	07547.wav	117
3	Tug	Test	20171128d-29/193239	03970.wav	38
3	Tug	Test	20171118a-13/141340	01627.wav	25
3	Tug	Test	20171229b-68/200347	07760.wav	79
3	Tug	Test	20171201d-35/125826	04493.wav	98
3	Tug	Test	20171202-37/071515	04772.wav	29
3	Tug	Test	20171213-51/065742	06081.wav	15
3	Tug	Test	20171204-42/034437	05295.wav	50
3	Tug	Test	20171118b-14/161506	01738.wav	10
3	Tug	Test	20171115-9/9	01121.wav	26
3	Tug	Test	20171203c-41/194116	05164.wav	60
3	Tug	Test	20171227a-66/110853	07511.wav	14
3	Tug	Test	20171128d-29/193239	03936.wav	24
3	Tug	Test	20171118a-13/141340	01695.wav	22
3	Tug	Test	20171229b-68/200347	07736.wav	24
3	Tug	Test	20171201d-35/125826	04573.wav	84
3	Tug	Test	20171202-37/071515	04758.wav	24
3	Tug	Test	20171213-51/065742	06244.wav	144
3	Tug	Test	20171204-42/034437	05281.wav	31
3	Tug	Test	20171118b-14/161506	01721.wav	23
3	Tug	Test	20171115-9/9	01107.wav	6
3	Tug	Test	20171203c-41/194116	05199.wav	84
3	Tug	Test	20171227a-66/110853	07515.wav	121
3	Tug	Test	20171128d-29/193239	03958.wav	15
3	Tug	Test	20171118a-13/141340	01628.wav	118
3	Tug	Test	20171229b-68/200347	07734.wav	54
3	Tug	Test	20171201d-35/125826	04604.wav	23
3	Tug	Test	20171202-37/071515	04790.wav	31
3	Tug	Test	20171213-51/065742	06118.wav	54
3	Tug	Test	20171204-42/034437	05297.wav	24
3	Tug	Test	20171118b-14/161506	01767.wav	135
3	Tug	Test	20171115-9/9	01099.wav	13
3	Tug	Test	20171203c-41/194116	05172.wav	72
3	Tug	Test	20171227a-66/110853	07606.wav	126
3	Tug	Test	20171128d-29/193239	03956.wav	42
3	Tug	Test	20171118a-13/141340	01682.wav	57
3	Tug	Test	20171229b-68/200347	07762.wav	90
3	Tug	Test	20171201d-35/125826	04600.wav	130
3	Tug	Test	20171202-37/071515	04778.wav	22
3	Tug	Val	20171215a-55/103412	06615.wav	48
3	Tug	Val	20171209-48/041322	05893.wav	44
3	Tug	Val	20171124-22/012051	02977.wav	30
3	Tug	Val	20171122a-20/124609	02576.wav	72
3	Tug	Val	20171105b-3/231504	00371.wav	32
3	Tug	Val	20171221a-62/144544	07235.wav	20
3	Tug	Val	20171201e-36/190230	04654.wav	115
3	Tug	Val	20171225-64/015934	07410.wav	26
3	Tug	Val	20171210-49/49	05979.wav	34
3	Tug	Val	20171128c-28/190038	03907.wav	40
3	Tug	Val	20171215a-55/103412	06656.wav	30
3	Tug	Val	20171209-48/041322	05931.wav	8
3	Tug	Val	20171124-22/012051	03025.wav	54
3	Tug	Val	20171122a-20/124609	02587.wav	92
3	Tug	Val	20171105b-3/231504	00433.wav	46
3	Tug	Val	20171221a-62/144544	07251.wav	34
3	Tug	Val	20171201e-36/190230	04640.wav	30
3	Tug	Val	20171225-64/015934	07398.wav	10
3	Tug	Val	20171210-49/49	05983.wav	11
3	Tug	Val	20171128c-28/190038	03900.wav	11
3	Tug	Val	20171215a-55/103412	06638.wav	15
3	Tug	Val	20171209-48/041322	05875.wav	97
3	Tug	Val	20171124-22/012051	02985.wav	109
3	Tug	Val	20171122a-20/124609	02592.wav	19
3	Tug	Val	20171105b-3/231504	00480.wav	96
3	Tug	Val	20171221a-62/144544	07176.wav	41
3	Tug	Val	20171201e-36/190230	04658.wav	73
3	Tug	Val	20171225-64/015934	07378.wav	77
3	Tug	Val	20171210-49/49	05995.wav	35
3	Tug	Val	20171128c-28/190038	03890.wav	2
3	Tug	Val	20171215a-55/103412	06662.wav	13
3	Tug	Val	20171209-48/041322	05907.wav	45
3	Tug	Val	20171124-22/012051	03015.wav	10
3	Tug	Val	20171122a-20/124609	02661.wav	2
3	Tug	Val	20171105b-3/231504	00484.wav	112
3	Tug	Val	20171221a-62/144544	07209.wav	83
3	Tug	Val	20171201e-36/190230	04667.wav	125
3	Tug	Val	20171225-64/015934	07324.wav	49
3	Tug	Val	20171210-49/49	05991.wav	6
3	Tug	Val	20171128c-28/190038	03859.wav	64
3	Tug	Val	20171215a-55/103412	06655.wav	58
3	Tug	Val	20171209-48/041322	05930.wav	65
3	Tug	Val	20171124-22/012051	02968.wav	115
3	Tug	Val	20171122a-20/124609	02627.wav	75
3	Tug	Val	20171105b-3/231504	00439.wav	25
3	Tug	Val	20171221a-62/144544	07190.wav	68
3	Tug	Val	20171201e-36/190230	04641.wav	88
3	Tug	Val	20171225-64/015934	07394.wav	96
3	Tug	Val	20171210-49/49	05985.wav	12
3	Tug	Val	20171128c-28/190038	03868.wav	28
3	Tug	Val	20171215a-55/103412	06669.wav	17
3	Tug	Val	20171209-48/041322	05940.wav	11
3	Tug	Val	20171124-22/012051	03027.wav	104
3	Tug	Val	20171122a-20/124609	02601.wav	130
3	Tug	Val	20171105b-3/231504	00379.wav	73
3	Tug	Val	20171221a-62/144544	07180.wav	80
3	Tug	Val	20171201e-36/190230	04626.wav	53
3	Tug	Val	20171225-64/015934	07338.wav	19
3	Tug	Val	20171210-49/49	06003.wav	13
3	Tug	Val	20171128c-28/190038	03869.wav	52
3	Tug	Val	20171215a-55/103412	06667.wav	19
3	Tug	Val	20171209-48/041322	05956.wav	2
3	Tug	Val	20171124-22/012051	02940.wav	99
3	Tug	Val	20171122a-20/124609	02673.wav	6
3	Tug	Val	20171105b-3/231504	00390.wav	74
3	Tug	Val	20171221a-62/144544	07188.wav	42
3	Tug	Val	20171201e-36/190230	04721.wav	131
3	Tug	Val	20171225-64/015934	07350.wav	13
3	Tug	Val	20171210-49/49	05986.wav	14
3	Tug	Val	20171128c-28/190038	03866.wav	63
3	Tug	Val	20171215a-55/103412	06631.wav	11
3	Tug	Val	20171209-48/041322	05936.wav	57
3	Tug	Val	20171124-22/012051	03028.wav	20
3	Tug	Val	20171122a-20/124609	02579.wav	105
3	Tug	Val	20171105b-3/231504	00402.wav	81
3	Tug	Val	20171221a-62/144544	07186.wav	69
3	Tug	Val	20171201e-36/190230	04735.wav	2
3	Tug	Val	20171225-64/015934	07353.wav	12
3	Tug	Val	20171210-49/49	05988.wav	23
3	Tug	Val	20171128c-28/190038	03883.wav	47
3	Tug	Val	20171215a-55/103412	06605.wav	21
3	Tug	Val	20171209-48/041322	05873.wav	102
3	Tug	Val	20171124-22/012051	03063.wav	47
3	Tug	Val	20171122a-20/124609	02683.wav	74
3	Tug	Val	20171105b-3/231504	00438.wav	77
3	Tug	Val	20171221a-62/144544	07213.wav	45
3	Tug	Val	20171201e-36/190230	04624.wav	50
3	Tug	Val	20171225-64/015934	07307.wav	92
3	Tug	Val	20171210-49/49	05969.wav	24
3	Tug	Val	20171128c-28/190038	03861.wav	65
3	Tug	Val	20171215a-55/103412	06652.wav	60
3	Tug	Val	20171209-48/041322	05896.wav	51
3	Tug	Val	20171124-22/012051	03032.wav	125
3	Tug	Val	20171122a-20/124609	02569.wav	110
3	Tug	Val	20171105b-3/231504	00414.wav	114
3	Tug	Val	20171221a-62/144544	07230.wav	61
3	Tug	Val	20171201e-36/190230	04700.wav	32
3	Tug	Val	20171225-64/015934	07315.wav	21
3	Tug	Val	20171210-49/49	05977.wav	28
3	Tug	Val	20171128c-28/190038	03887.wav	10
3	Tug	Val	20171215a-55/103412	06659.wav	12
3	Tug	Val	20171209-48/041322	05955.wav	36
3	Tug	Val	20171124-22/012051	03060.wav	119
3	Tug	Val	20171122a-20/124609	02684.wav	35
3	Tug	Val	20171105b-3/231504	00364.wav	107
3	Tug	Val	20171221a-62/144544	07210.wav	66
3	Tug	Val	20171201e-36/190230	04611.wav	100
3	Tug	Val	20171225-64/015934	07343.wav	3
3	Tug	Val	20171210-49/49	05992.wav	19
3	Tug	Val	20171128c-28/190038	03878.wav	36
3	Tug	Val	20171215a-55/103412	06648.wav	67
3	Tug	Val	20171209-48/041322	05909.wav	47
3	Tug	Val	20171124-22/012051	03057.wav	92
3	Tug	Val	20171122a-20/124609	02667.wav	116
3	Tug	Val	20171105b-3/231504	00472.wav	11
3	Tug	Val	20171221a-62/144544	07196.wav	12
3	Tug	Val	20171201e-36/190230	04660.wav	63
3	Tug	Val	20171225-64/015934	07320.wav	65
3	Tug	Val	20171210-49/49	05989.wav	2
3	Tug	Val	20171128c-28/190038	03904.wav	21
3	Tug	Val	20171215a-55/103412	06668.wav	24
3	Tug	Val	20171209-48/041322	05870.wav	78
3	Tug	Val	20171124-22/012051	02988.wav	21
3	Tug	Val	20171122a-20/124609	02606.wav	117
3	Tug	Val	20171105b-3/231504	00445.wav	6
3	Tug	Val	20171221a-62/144544	07233.wav	92
3	Tug	Val	20171201e-36/190230	04717.wav	15
3	Tug	Val	20171225-64/015934	07395.wav	87
3	Tug	Val	20171210-49/49	05966.wav	20
3	Tug	Val	20171128c-28/190038	03905.wav	33
3	Tug	Val	20171215a-55/103412	06666.wav	27
3	Tug	Val	20171209-48/041322	05861.wav	40
3	Tug	Val	20171124-22/012051	02943.wav	65
3	Tug	Val	20171122a-20/124609	02588.wav	88
3	Tug	Val	20171105b-3/231504	00418.wav	79
3	Tug	Val	20171221a-62/144544	07161.wav	9
3	Tug	Val	20171201e-36/190230	04628.wav	98
3	Tug	Val	20171225-64/015934	07330.wav	79
3	Tug	Val	20171210-49/49	05971.wav	33
3	Tug	Val	20171128c-28/190038	03902.wav	45
3	Tug	Val	20171215a-55/103412	06646.wav	62
3	Tug	Val	20171209-48/041322	05914.wav	113
3	Tug	Val	20171124-22/012051	02962.wav	39
3	Tug	Val	20171122a-20/124609	02621.wav	112
3	Tug	Val	20171105b-3/231504	00470.wav	124
3	Tug	Val	20171221a-62/144544	07172.wav	57
3	Tug	Val	20171201e-36/190230	04698.wav	6
3	Tug	Val	20171225-64/015934	07362.wav	99
3	Tug	Val	20171210-49/49	05974.wav	30
3	Tug	Val	20171128c-28/190038	03912.wav	53
